timestamp,UP
1382,40007
1882,40008
2382,40007
2882,40007
3382,40005
3883,40006
4382,40006
4882,40007
5382,40006
5882,40006
6382,40006
6882,40005
7382,40007
7882,40007
8382,40006
8882,40007
9382,40006
9882,40007
10382,40004
10882,40005
11382,40006
11882,40003
12382,40005
12882,40004
13382,40004
13882,40005
14382,40002
14882,40004
15382,40003
15882,40006
16382,40004
16882,40006
17382,40006
17882,40004
18382,40003
18882,40003
19382,40004
19883,40004
20382,40004
20882,40004
21382,40003
21882,40002
22382,40002
22882,40002
23382,40001
23882,40002
24382,40002
24882,40002
25382,40003
25882,40000
26382,40002
26882,40000
27382,40001
27882,40002
28382,40003
28882,40002
29382,40002
29882,40004
30382,40000
30882,40001
31382,40002
31882,40000
32382,40000
32882,40002
33382,39998
33882,40001
34382,40000
34882,40000
35382,39999
35883,40001
36382,40000
36882,40000
37382,40002
37882,40002
38382,39998
38882,40001
39382,40000
39882,40001
40382,39998
40882,40000
41382,39999
41882,40001
42382,40003
42882,39998
43382,40000
43882,39999
44382,39999
44882,39999
45382,39998
45882,39998
46382,39997
46882,39998
47382,39995
47882,39998
48382,39997
48882,39998
49382,39997
49882,39997
50382,39994
50882,39999
51382,39995
51883,39996
52382,39996
52882,39996
53382,39998
53882,39997
54382,39994
54882,39993
55382,39995
55882,39995
56382,39994
56882,39994
57382,39996
57882,39991
58382,39992
58882,39992
59382,39993
59882,39994
60382,39990
60882,39993
61382,39991
61882,39991
62382,39992
62882,39990
63382,39992
63882,39993
64382,39988
64882,39988
65382,39991
65882,39990
66382,39988
66882,39989
67382,39986
67883,39986
68382,39989
68882,39988
69382,39985
69882,39988
70382,39985
70882,39989
71382,39986
71882,39989
72382,39987
72882,39986
73382,39984
73882,39985
74382,39984
74882,39984
75382,39984
75882,39983
76382,39983
76882,39985
77382,39983
77882,39985
78382,39984
78882,39980
79382,39982
79882,39982
80382,39984
80882,39984
81382,39982
81882,39984
82382,39983
82882,39981
83382,39979
83883,39978
84382,39979
84882,39978
85382,39981
85882,39979
86382,39977
86882,39976
87382,39980
87882,39980
88382,39981
88882,39980
89382,39983
89882,39980
90382,39980
90882,39976
91382,39974
91882,39979
92382,39977
92882,39976
93382,39977
93882,39976
94382,39975
94882,39973
95382,39973
95882,39972
96382,39974
96882,39970
97382,39970
97882,39971
98382,39969
98882,39967
99382,39967
99883,39965
100382,39966
100882,39968
101382,39970
101882,39968
102382,39968
102882,39971
103382,39966
103882,39967
104382,39967
104882,39968
105382,39966
105882,39969
106382,39968
106882,39965
107382,39966
107882,39964
108382,39962
108882,39965
109382,39962
109882,39966
110382,39962
110882,39964
111382,39965
111882,39963
112382,39960
112882,39961
113382,39958
113882,39960
114382,39959
114882,39957
115382,39960
115883,39958
116382,39957
116882,39957
117382,39961
117882,39958
118382,39959
118882,39957
119382,39960
119882,39957
120382,39957
120882,39958
121382,39959
121882,39957
122382,39956
122882,39957
123382,39956
123882,39955
124382,39954
124882,39956
125382,39958
125882,39955
126382,39957
126882,39956
127382,39954
127882,39954
128382,39952
128882,39954
129382,39954
129882,39952
130382,39950
130882,39951
131382,39952
131883,39951
132382,39952
132882,39951
133382,39950
133882,39950
134382,39952
134882,39948
135382,39950
135882,39948
136382,39948
136882,39948
137382,39948
137882,39949
138382,39946
138882,39943
139382,39947
139882,39945
140382,39942
140882,39942
141382,39944
141882,39944
142382,39944
142882,39944
143382,39944
143882,39941
144382,39942
144882,39941
145382,39941
145882,39940
146382,39940
146882,39942
147382,39939
147883,39940
148382,39938
148882,39937
149382,39940
149882,39938
150382,39937
150882,39937
151382,39936
151882,39935
152382,39934
152882,39934
153382,39934
153882,39936
154382,39934
154882,39933
155382,39930
155882,39931
156382,39932
156882,39933
157382,39930
157882,39931
158382,39929
158882,39929
159382,39930
159882,39930
160382,39931
160882,39927
161382,39930
161882,39928
162382,39928
162882,39928
163382,39925
163883,39926
164382,39928
164882,39926
165382,39925
165882,39922
166382,39925
166882,39923
167382,39922
167882,39924
168382,39924
168882,39923
169382,39924
169882,39922
170382,39922
170882,39922
171382,39918
171882,39922
172382,39922
172882,39918
173382,39918
173882,39916
174382,39917
174882,39916
175382,39917
175882,39918
176382,39915
176882,39913
177382,39916
177882,39912
178382,39913
178882,39912
179382,39915
179883,39914
180382,39911
180882,39912
181382,39910
181882,39913
182382,39912
182882,39910
183382,39910
183882,39910
184382,39908
184882,39907
185382,39908
185882,39908
186382,39910
186882,39907
187382,39907
187882,39906
188382,39903
188882,39906
189382,39902
189882,39901
190382,39904
190882,39905
191382,39901
191882,39904
192382,39901
192882,39901
193382,39899
193882,39898
194382,39901
194882,39898
195382,39898
195883,39899
196382,39897
196882,39898
197382,39899
197882,39897
198382,39897
198882,39896
199382,39892
199882,39896
200382,39896
200882,39896
201382,39894
201882,39895
202382,39893
202882,39894
203382,39891
203882,39892
204382,39893
204882,39890
205382,39890
205882,39888
206382,39888
206882,39888
207382,39889
207882,39890
208382,39887
208882,39885
209382,39885
209882,39887
210382,39886
210882,39887
211382,39886
211883,39885
212382,39884
212882,39883
213382,39885
213882,39882
214382,39884
214882,39882
215382,39884
215882,39882
216382,39879
216882,39881
217382,39880
217882,39880
218382,39878
218882,39878
219382,39878
219882,39876
220382,39879
220882,39876
221382,39877
221882,39872
222382,39876
222882,39876
223382,39876
223882,39874
224382,39872
224882,39870
225382,39874
225882,39869
226382,39873
226882,39869
227382,39871
227883,39870
228382,39868
228882,39868
229382,39866
229882,39868
230382,39866
230882,39868
231382,39865
231882,39866
232382,39863
232882,39866
233382,39866
233882,39862
234382,39861
234882,39863
235382,39864
235882,39862
236382,39863
236882,39860
237382,39862
237882,39860
238382,39860
238882,39859
239382,39858
239882,39859
240382,39858
240882,39857
241382,39858
241882,39858
242382,39856
242882,39854
243382,39855
243883,39854
244382,39855
244882,39854
245382,39852
245882,39850
246382,39853
246882,39851
247382,39850
247882,39854
248382,39851
248882,39851
249382,39848
249882,39848
250382,39849
250882,39847
251382,39846
251882,39845
252382,39846
252882,39848
253382,39846
253882,39846
254382,39845
254882,39845
255382,39842
255882,39845
256382,39845
256882,39845
257382,39843
257882,39844
258382,39845
258882,39841
259382,39841
259883,39843
260382,39842
260882,39842
261382,39840
261882,39839
262382,39840
262882,39840
263382,39839
263882,39840
264382,39839
264882,39841
265382,39839
265882,39840
266382,39838
266882,39838
267382,39839
267882,39838
268382,39837
268882,39837
269382,39838
269882,39836
270382,39835
270882,39839
271382,39834
271882,39838
272382,39836
272882,39834
273382,39835
273882,39835
274382,39834
274882,39835
275382,39834
275883,39835
276382,39834
276882,39837
277382,39836
277882,39836
278382,39835
278882,39831
279382,39835
279882,39834
280382,39833
280882,39834
281382,39831
281882,39835
282382,39833
282882,39832
283382,39833
283882,39834
284382,39834
284882,39831
285382,39833
285882,39834
286382,39833
286882,39833
287382,39833
287882,39832
288382,39832
288882,39833
289382,39832
289882,39832
290382,39832
290882,39833
291382,39832
291883,39831
292382,39830
292882,39830
293382,39826
293882,39828
294382,39826
294882,39829
295382,39826
295882,39826
296382,39826
296882,39826
297382,39827
297882,39826
298382,39827
298882,39826
299382,39826
299882,39827
300382,39829
300882,39827
301382,39826
301882,39826
302382,39828
302882,39826
303382,39828
303882,39827
304382,39827
304882,39826
305382,39824
305882,39826
306382,39828
306882,39830
307382,39828
307883,39825
308382,39827
308882,39828
309382,39828
309882,39828
310382,39827
310882,39825
311382,39826
311882,39826
312382,39826
312882,39824
313382,39824
313882,39826
314382,39827
314882,39824
315382,39824
315882,39823
316382,39826
316882,39825
317382,39823
317882,39824
318382,39824
318882,39824
319382,39822
319882,39819
320382,39821
320882,39822
321382,39817
321882,39821
322382,39819
322882,39820
323382,39818
323883,39819
324382,39820
324882,39818
325382,39820
325882,39819
326382,39816
326882,39815
327382,39816
327882,39816
328382,39814
328882,39815
329382,39814
329882,39815
330382,39814
330882,39811
331382,39816
331882,39814
332382,39812
332882,39813
333382,39812
333882,39814
334382,39812
334882,39810
335382,39810
335882,39810
336382,39811
336882,39812
337382,39811
337882,39810
338382,39808
338882,39808
339382,39811
339883,39810
340382,39808
340882,39810
341382,39809
341882,39808
342382,39808
342882,39806
343382,39809
343882,39806
344382,39805
344882,39806
345382,39806
345882,39806
346382,39806
346882,39807
347382,39808
347882,39809
348382,39806
348882,39804
349382,39802
349882,39804
350382,39805
350882,39804
351382,39803
351882,39806
352382,39804
352882,39805
353382,39805
353882,39805
354382,39806
354882,39806
355382,39811
355883,39808
356382,39807
356882,39808
357382,39808
357882,39808
358382,39811
358882,39809
359382,39810
359882,39812
360382,39808
360882,39811
361382,39810
361882,39814
362382,39813
362882,39816
363382,39815
363882,39813
364382,39815
364882,39814
365382,39817
365882,39818
366382,39816
366882,39817
367382,39817
367882,39818
368382,39821
368882,39820
369382,39822
369882,39823
370382,39826
370882,39828
371382,39830
371883,39832
372382,39832
372882,39833
373382,39834
373882,39832
374382,39839
374882,39836
375382,39837
375882,39838
376382,39838
376882,39836
377382,39840
377882,39838
378382,39837
378882,39840
379382,39841
379882,39843
380382,39841
380882,39839
381382,39841
381882,39841
382382,39838
382882,39838
383382,39837
383882,39836
384382,39841
384882,39842
385382,39842
385882,39841
386382,39842
386882,39839
387382,39840
387883,39841
388382,39842
388882,39840
389382,39837
389882,39839
390382,39842
390882,39840
391382,39843
391882,39840
392382,39840
392882,39839
393382,39842
393882,39842
394382,39841
394882,39842
395382,39844
395882,39848
396382,39846
396882,39846
397382,39847
397882,39846
398382,39845
398882,39846
399382,39845
399882,39845
400382,39845
400882,39846
401382,39846
401882,39846
402382,39844
402882,39843
403382,39844
403883,39845
404382,39844
404882,39841
405382,39843
405882,39841
406382,39846
406882,39844
407382,39842
407882,39841
408382,39839
408882,39843
409382,39842
409882,39840
410382,39840
410882,39838
411382,39839
411882,39839
412382,39838
412882,39837
413382,39838
413882,39836
414382,39834
414882,39834
415382,39834
415882,39830
416382,39833
416882,39832
417382,39834
417882,39833
418382,39833
418882,39831
419382,39830
419883,39831
420382,39830
420882,39830
421382,39828
421882,39828
422382,39829
422882,39828
423382,39827
423882,39826
424382,39826
424882,39824
425382,39827
425882,39828
426382,39830
426882,39830
427382,39828
427882,39829
428382,39830
428882,39830
429382,39826
429882,39827
430382,39826
430882,39827
431382,39824
431882,39826
432382,39824
432882,39827
433382,39823
433882,39824
434382,39825
434882,39824
435382,39820
435883,39821
436382,39820
436882,39824
437382,39818
437882,39818
438382,39821
438882,39821
439382,39823
439882,39823
440382,39826
440882,39832
441382,39836
441882,39837
442382,39835
442882,39837
443382,39836
443882,39838
444382,39835
444882,39834
445382,39837
445882,39836
446382,39835
446882,39836
447382,39835
447882,39834
448382,39836
448882,39834
449382,39832
449882,39831
450382,39830
450882,39830
451382,39826
451883,39830
452382,39828
452882,39830
453382,39828
453882,39828
454382,39828
454882,39825
455382,39827
455882,39824
456382,39824
456882,39828
457382,39824
457882,39821
458382,39822
458882,39821
459382,39819
459882,39821
460382,39820
460882,39824
461382,39822
461882,39824
462382,39823
462882,39826
463382,39828
463882,39825
464382,39823
464882,39824
465382,39825
465882,39824
466382,39823
466882,39824
467382,39826
467883,39824
468382,39823
468882,39826
469382,39826
469882,39826
470382,39827
470882,39828
471382,39827
471882,39829
472382,39826
472882,39830
473382,39828
473882,39828
474382,39828
474882,39831
475382,39832
475882,39831
476382,39831
476882,39831
477382,39833
477882,39832
478382,39834
478882,39832
479382,39832
479882,39835
480382,39832
480882,39834
481382,39836
481882,39832
482382,39830
482882,39830
483382,39831
483883,39828
484382,39828
484882,39831
485382,39830
485882,39827
486382,39828
486882,39828
487382,39826
487882,39826
488382,39827
488882,39824
489382,39826
489882,39824
490382,39826
490882,39824
491382,39824
491882,39824
492382,39823
492882,39824
493382,39820
493882,39822
494382,39822
494882,39822
495382,39823
495882,39820
496382,39822
496882,39820
497382,39821
497882,39820
498382,39820
498882,39820
499382,39817
499883,39820
500382,39818
500882,39819
501382,39820
501882,39818
502382,39816
502882,39820
503382,39819
503882,39816
504382,39819
504882,39820
505382,39818
505882,39818
506382,39819
506882,39818
507382,39816
507882,39816
508382,39816
508882,39813
509382,39813
509882,39813
510382,39814
510882,39815
511382,39815
511882,39812
512382,39812
512882,39812
513382,39813
513882,39811
514382,39810
514882,39811
515382,39810
515883,39808
516382,39806
516882,39807
517382,39809
517882,39806
518382,39806
518882,39803
519382,39804
519882,39805
520382,39804
520882,39803
521382,39803
521882,39804
522382,39804
522882,39802
523382,39802
523882,39803
524382,39800
524882,39797
525382,39799
525882,39799
526382,39798
526882,39798
527382,39798
527882,39796
528382,39797
528882,39796
529382,39796
529882,39797
530382,39796
530882,39795
531382,39799
531883,39795
532382,39795
532882,39796
533382,39797
533882,39794
534382,39798
534882,39798
535382,39797
535882,39795
536382,39795
536882,39796
537382,39797
537882,39799
538382,39797
538882,39795
539382,39796
539882,39795
540382,39797
540882,39796
541382,39797
541882,39796
542382,39797
542882,39796
543382,39798
543882,39794
544382,39794
544882,39795
545382,39796
545882,39794
546382,39794
546882,39793
547382,39796
547883,39791
548382,39794
548882,39795
549382,39792
549882,39794
550382,39792
550882,39794
551382,39791
551882,39792
552382,39789
552882,39792
553382,39790
553882,39792
554382,39789
554882,39789
555382,39790
555882,39786
556382,39787
556882,39787
557382,39788
557882,39787
558382,39788
558882,39790
559382,39788
559882,39786
560382,39787
560882,39784
561382,39784
561882,39788
562382,39785
562882,39785
563382,39783
563883,39783
564382,39785
564882,39785
565382,39783
565882,39781
566382,39780
566882,39780
567382,39783
567882,39780
568382,39782
568882,39779
569382,39780
569882,39780
570382,39778
570882,39778
571382,39781
571882,39778
572382,39776
572882,39776
573382,39776
573882,39778
574382,39778
574882,39776
575382,39780
575882,39776
576382,39774
576882,39774
577382,39775
577882,39775
578382,39774
578882,39774
579382,39771
579883,39772
580382,39772
580882,39772
581382,39771
581882,39772
582382,39772
582882,39773
583382,39771
583882,39770
584382,39771
584882,39770
585382,39767
585882,39771
586382,39770
586882,39769
587382,39767
587882,39767
588382,39768
588882,39768
589382,39766
589882,39769
590382,39770
590882,39766
591382,39767
591882,39768
592382,39767
592882,39765
593382,39766
593882,39765
594382,39768
594882,39765
595382,39765
595883,39764
596382,39765
596882,39768
597382,39766
597882,39764
598382,39764
598882,39764
599382,39765
599882,39764
600382,39761
600882,39763
601382,39763
601882,39761
602382,39763
602882,39762
603382,39762
603882,39763
604382,39762
604882,39764
605382,39762
605882,39760
606382,39764
606882,39762
607382,39758
607882,39760
608382,39762
608882,39761
609382,39761
609882,39760
610382,39760
610882,39759
611382,39758
611883,39759
612382,39762
612882,39758
613382,39758
613882,39758
614382,39758
614882,39759
615382,39757
615882,39758
616382,39757
616882,39756
617382,39760
617882,39756
618382,39756
618882,39754
619382,39758
619882,39755
620382,39756
620882,39754
621382,39757
621882,39756
622382,39755
622882,39755
623382,39755
623882,39756
624382,39758
624882,39755
625382,39754
625882,39756
626382,39757
626882,39759
627382,39754
627883,39757
628382,39755
628882,39757
629382,39755
629882,39757
630382,39759
630882,39757
631382,39756
631882,39755
632382,39756
632882,39756
633382,39757
633882,39757
634382,39755
634882,39756
635382,39755
635882,39756
636382,39755
636882,39755
637382,39754
637882,39756
638382,39754
638882,39758
639382,39755
639882,39754
640382,39758
640882,39756
641382,39756
641882,39753
642382,39758
642882,39755
643382,39756
643883,39755
644382,39754
644882,39754
645382,39756
645882,39754
646382,39755
646882,39754
647382,39754
647882,39753
648382,39754
648882,39753
649382,39756
649882,39755
650382,39755
650882,39753
651382,39753
651882,39750
652382,39753
652882,39755
653382,39755
653882,39752
654382,39752
654882,39754
655382,39757
655882,39755
656382,39754
656882,39754
657382,39755
657882,39753
658382,39756
658882,39753
659382,39755
659883,39752
660382,39751
660882,39754
661382,39756
661882,39754
662382,39752
662882,39753
663382,39754
663882,39755
664382,39754
664882,39753
665382,39753
665882,39752
666382,39754
666882,39754
667382,39754
667882,39755
668382,39760
668882,39760
669382,39758
669882,39758
670382,39758
670882,39758
671382,39759
671882,39760
672382,39759
672882,39759
673382,39759
673882,39761
674382,39757
674882,39758
675382,39759
675883,39758
676382,39756
676882,39756
677382,39757
677882,39758
678382,39756
678882,39755
679382,39753
679882,39756
680382,39754
680882,39754
681382,39751
681882,39752
682382,39755
682882,39754
683382,39752
683882,39750
684382,39751
684882,39752
685382,39752
685882,39752
686382,39751
686882,39750
687382,39749
687882,39749
688382,39751
688882,39750
689382,39747
689882,39747
690382,39748
690882,39744
691382,39746
691883,39746
692382,39746
692882,39743
693382,39743
693882,39745
694382,39741
694882,39742
695382,39745
695882,39740
696382,39740
696882,39742
697382,39740
697882,39741
698382,39744
698882,39740
699382,39739
699882,39741
700382,39742
700882,39741
701382,39742
701882,39741
702382,39740
702882,39740
703382,39738
703882,39737
704382,39738
704882,39739
705382,39739
705882,39737
706382,39736
706882,39738
707382,39736
707883,39736
708382,39736
708882,39736
709382,39735
709882,39733
710382,39737
710882,39732
711382,39736
711882,39735
712382,39735
712882,39732
713382,39733
713882,39734
714382,39734
714882,39732
715382,39732
715882,39732
716382,39732
716882,39731
717382,39732
717882,39731
718382,39734
718882,39732
719382,39731
719882,39731
720382,39731
720882,39728
721382,39730
721882,39728
722382,39727
722882,39729
723382,39730
723883,39727
724382,39728
724882,39729
725382,39727
725882,39727
726382,39725
726882,39726
727382,39724
727882,39726
728382,39725
728882,39726
729382,39727
729882,39725
730382,39727
730882,39728
731382,39728
731882,39726
732382,39726
732882,39726
733382,39726
733882,39727
734382,39729
734882,39728
735382,39726
735882,39727
736382,39727
736882,39727
737382,39728
737882,39727
738382,39727
738882,39727
739382,39727
739883,39727
740382,39728
740882,39728
741382,39728
741882,39729
742382,39728
742882,39729
743382,39730
743882,39730
744382,39730
744882,39730
745382,39731
745882,39734
746382,39730
746882,39728
747382,39732
747882,39730
748382,39732
748882,39729
749382,39731
749882,39733
750382,39731
750882,39729
751382,39732
751882,39732
752382,39732
752882,39731
753382,39731
753882,39733
754382,39731
754882,39732
755382,39732
755883,39730
756382,39732
756882,39730
757382,39726
757882,39729
758382,39726
758882,39728
759382,39730
759882,39730
760382,39728
760882,39728
761382,39726
761882,39725
762382,39725
762882,39726
763382,39728
763882,39726
764382,39725
764882,39725
765382,39724
765882,39723
766382,39724
766882,39725
767382,39722
767882,39723
768382,39725
768882,39722
769382,39720
769882,39722
770382,39722
770882,39719
771382,39721
771883,39722
772382,39719
772882,39721
773382,39716
773882,39719
774382,39720
774882,39720
775382,39720
775882,39719
776382,39718
776882,39717
777382,39719
777882,39718
778382,39717
778882,39715
779382,39716
779882,39717
780382,39718
780882,39717
781382,39716
781882,39716
782382,39716
782882,39716
783382,39717
783882,39715
784382,39714
784882,39714
785382,39713
785882,39714
786382,39714
786882,39714
787382,39715
787883,39714
788382,39712
788882,39712
789382,39712
789882,39711
790382,39711
790882,39713
791382,39712
791882,39710
792382,39710
792882,39707
793382,39712
793882,39711
794382,39710
794882,39710
795382,39707
795882,39709
796382,39711
796882,39710
797382,39709
797882,39710
798382,39709
798882,39709
799382,39706
799882,39708
800382,39710
800882,39704
801382,39707
801882,39708
802382,39706
802882,39710
803382,39709
803883,39706
804382,39706
804882,39706
805382,39704
805882,39701
806382,39704
806882,39704
807382,39703
807882,39704
808382,39705
808882,39703
809382,39701
809882,39705
810382,39702
810882,39703
811382,39702
811882,39702
812382,39701
812882,39700
813382,39700
813882,39701
814382,39701
814882,39701
815382,39701
815882,39700
816382,39701
816882,39702
817382,39700
817882,39700
818382,39700
818882,39700
819382,39700
819883,39697
820382,39697
820882,39699
821382,39698
821882,39698
822382,39700
822882,39698
823382,39698
823882,39696
824382,39698
824882,39696
825382,39697
825882,39696
826382,39696
826882,39696
827382,39698
827882,39696
828382,39697
828882,39696
829382,39698
829882,39695
830382,39696
830882,39698
831382,39694
831882,39695
832382,39695
832882,39694
833382,39695
833882,39697
834382,39696
834882,39694
835382,39695
835883,39697
836382,39696
836882,39696
837382,39693
837882,39696
838382,39695
838882,39693
839382,39693
839882,39694
840382,39695
840882,39693
841382,39695
841882,39692
842382,39695
842882,39691
843382,39694
843882,39692
844382,39691
844882,39691
845382,39693
845882,39691
846382,39692
846882,39689
847382,39690
847882,39692
848382,39692
848882,39693
849382,39689
849882,39690
850382,39690
850882,39691
851382,39689
851883,39691
852382,39690
852882,39687
853382,39689
853882,39690
854382,39687
854882,39688
855382,39688
855882,39686
856382,39687
856882,39685
857382,39688
857882,39688
858382,39688
858882,39686
859382,39686
859882,39687
860382,39688
860882,39685
861382,39686
861882,39686
862382,39684
862882,39686
863382,39686
863882,39683
864382,39684
864882,39687
865382,39683
865882,39683
866382,39682
866882,39683
867382,39684
867883,39685
868382,39683
868882,39681
869382,39683
869882,39684
870382,39683
870882,39686
871382,39682
871882,39681
872382,39681
872882,39684
873382,39683
873882,39680
874382,39682
874882,39681
875382,39682
875882,39682
876382,39682
876882,39683
877382,39682
877882,39683
878382,39682
878882,39681
879382,39681
879882,39682
880382,39682
880882,39680
881382,39681
881882,39681
882382,39680
882882,39677
883382,39680
883883,39680
884382,39678
884882,39676
885382,39681
885882,39678
886382,39677
886882,39680
887382,39677
887882,39682
888382,39681
888882,39680
889382,39680
889882,39677
890382,39679
890882,39680
891382,39676
891882,39678
892382,39678
892882,39679
893382,39676
893882,39678
894382,39676
894882,39676
895382,39675
895882,39676
896382,39676
896882,39679
897382,39676
897882,39677
898382,39674
898882,39676
899382,39677
899883,39676
900382,39673
900882,39678
901382,39673
901882,39675
902382,39673
902882,39674
903382,39673
903882,39674
904382,39672
904882,39675
905382,39674
905882,39672
906382,39674
906882,39671
907382,39671
907882,39672
908382,39674
908882,39670
909382,39672
909882,39670
910382,39670
910882,39673
911382,39671
911882,39671
912382,39671
912882,39672
913382,39669
913882,39670
914382,39670
914882,39671
915382,39670
915883,39669
916382,39668
916882,39670
917382,39667
917882,39668
918382,39670
918882,39667
919382,39669
919882,39668
920382,39671
920882,39670
921382,39670
921882,39666
922382,39665
922882,39669
923382,39666
923882,39666
924382,39670
924882,39666
925382,39668
925882,39667
926382,39667
926882,39666
927382,39666
927882,39668
928382,39668
928882,39667
929382,39665
929882,39664
930382,39666
930882,39667
931382,39665
931883,39666
932382,39665
932882,39666
933382,39665
933882,39666
934382,39664
934882,39665
935382,39666
935882,39665
936382,39664
936882,39664
937382,39667
937882,39664
938382,39665
938882,39662
939382,39663
939882,39663
940382,39663
940882,39662
941382,39662
941882,39660
942382,39663
942882,39661
943382,39663
943882,39664
944382,39663
944882,39663
945382,39664
945882,39659
946382,39659
946882,39661
947382,39662
947883,39661
948382,39660
948882,39660
949382,39661
949882,39659
950382,39659
950882,39659
951382,39658
951882,39660
952382,39660
952882,39660
953382,39660
953882,39660
954382,39657
954882,39660
955382,39657
955882,39659
956382,39658
956882,39657
957382,39657
957882,39658
958382,39658
958882,39658
959382,39655
959882,39657
960382,39655
960882,39656
961382,39656
961882,39654
962382,39655
962882,39657
963382,39656
963883,39655
964382,39656
964882,39655
965382,39656
965882,39653
966382,39654
966882,39654
967382,39656
967882,39655
968382,39655
968882,39657
969382,39656
969882,39653
970382,39655
970882,39654
971382,39655
971882,39654
972382,39654
972882,39656
973382,39656
973882,39658
974382,39655
974882,39653
975382,39656
975882,39654
976382,39655
976882,39654
977382,39654
977882,39655
978382,39654
978882,39656
979382,39652
979883,39654
980382,39652
980882,39650
981382,39652
981882,39652
982382,39650
982882,39652
983382,39652
983882,39653
984382,39654
984882,39652
985382,39652
985882,39651
986382,39650
986882,39649
987382,39652
987882,39653
988382,39652
988882,39650
989382,39651
989882,39652
990382,39651
990882,39649
991382,39650
991882,39649
992382,39649
992882,39649
993382,39651
993882,39650
994382,39650
994882,39650
995382,39647
995883,39647
996382,39648
996882,39647
997382,39644
997882,39648
998382,39647
998882,39649
999382,39648
999882,39648
1000382,39646
1000882,39649
1001382,39646
1001882,39646
1002382,39648
1002882,39645
1003382,39648
1003882,39646
1004382,39645
1004882,39645
1005382,39645
1005882,39646
1006382,39645
1006882,39648
1007382,39646
1007882,39644
1008382,39647
1008882,39644
1009382,39645
1009882,39646
1010382,39644
1010882,39645
1011382,39646
1011883,39644
1012382,39646
1012882,39645
1013382,39644
1013882,39644
1014382,39645
1014882,39644
1015382,39643
1015882,39645
1016382,39643
1016882,39644
1017382,39644
1017882,39642
1018382,39642
1018882,39643
1019382,39642
1019882,39642
1020382,39642
1020882,39642
1021382,39642
1021882,39640
1022382,39642
1022882,39641
1023382,39642
1023882,39641
1024382,39640
1024882,39641
1025382,39639
1025882,39640
1026382,39642
1026882,39641
1027382,39640
1027883,39640
1028382,39640
1028882,39640
1029382,39640
1029882,39639
1030382,39640
1030882,39640
1031382,39640
1031882,39639
1032382,39640
1032882,39640
1033382,39640
1033882,39638
1034382,39636
1034882,39639
1035382,39636
1035882,39638
1036382,39637
1036882,39637
1037382,39638
1037882,39638
1038382,39638
1038882,39635
1039382,39637
1039882,39639
1040382,39638
1040882,39639
1041382,39635
1041882,39635
1042382,39638
1042882,39636
1043382,39634
1043883,39637
1044382,39634
1044882,39634
1045382,39635
1045882,39635
1046382,39637
1046882,39636
1047382,39636
1047882,39634
1048382,39635
1048882,39633
1049382,39635
1049882,39635
1050382,39635
1050882,39632
1051382,39633
1051882,39635
1052382,39634
1052882,39633
1053382,39633
1053882,39632
1054382,39631
1054882,39634
1055382,39633
1055882,39636
1056382,39634
1056882,39636
1057382,39632
1057882,39632
1058382,39633
1058882,39632
1059382,39633
1059883,39630
1060382,39631
1060882,39632
1061382,39632
1061882,39631
1062382,39633
1062882,39630
1063382,39631
1063882,39630
1064382,39631
1064882,39629
1065382,39632
1065882,39633
1066382,39632
1066882,39627
1067382,39632
1067882,39630
1068382,39630
1068882,39629
1069382,39632
1069882,39626
1070382,39628
1070882,39630
1071382,39628
1071882,39628
1072382,39630
1072882,39629
1073382,39632
1073882,39629
1074382,39630
1074882,39632
1075382,39626
1075883,39629
1076382,39630
1076882,39626
1077382,39628
1077882,39630
1078382,39629
1078882,39627
1079382,39628
1079882,39625
1080382,39624
1080882,39627
1081382,39626
1081882,39627
1082382,39623
1082882,39628
1083382,39626
1083882,39629
1084382,39626
1084882,39628
1085382,39627
1085882,39626
1086382,39626
1086882,39625
1087382,39625
1087882,39624
1088382,39627
1088882,39625
1089382,39623
1089882,39626
1090382,39625
1090882,39624
1091382,39626
1091883,39626
1092382,39625
1092882,39624
1093382,39624
1093882,39625
1094382,39622
1094882,39626
1095382,39624
1095882,39623
1096382,39624
1096882,39622
1097382,39624
1097882,39624
1098382,39622
1098882,39622
1099382,39622
1099882,39621
1100382,39621
1100882,39622
1101382,39620
1101882,39623
1102382,39620
1102882,39622
1103382,39623
1103882,39621
1104382,39620
1104882,39622
1105382,39618
1105882,39620
1106382,39622
1106882,39620
1107382,39620
1107883,39620
1108382,39616
1108882,39618
1109382,39619
1109882,39617
1110382,39617
1110882,39620
1111382,39619
1111882,39618
1112382,39617
1112882,39616
1113382,39616
1113882,39620
1114382,39618
1114882,39618
1115382,39620
1115882,39620
1116382,39620
1116882,39616
1117382,39616
1117882,39616
1118382,39618
1118882,39614
1119382,39614
1119882,39615
1120382,39616
1120882,39616
1121382,39616
1121891,39616
1122382,39618
1122882,39616
1123382,39616
1123883,39614
1124382,39616
1124882,39616
1125382,39616
1125882,39614
1126382,39614
1126882,39613
1127382,39614
1127882,39613
1128382,39614
1128882,39614
1129382,39612
1129882,39615
1130382,39612
1130882,39615
1131382,39611
1131882,39613
1132382,39611
1132882,39614
1133382,39611
1133882,39611
1134382,39611
1134882,39613
1135382,39609
1135882,39609
1136382,39611
1136882,39607
1137382,39609
1137882,39610
1138382,39610
1138882,39610
1139382,39610
1139883,39609
1140382,39610
1140882,39610
1141382,39610
1141882,39609
1142382,39610
1142882,39612
1143382,39612
1143882,39609
1144382,39608
1144882,39611
1145382,39610
1145882,39610
1146382,39610
1146882,39610
1147382,39610
1147882,39612
1148382,39608
1148882,39610
1149382,39612
1149882,39612
1150382,39613
1150882,39614
1151382,39616
1151882,39617
1152382,39618
1152882,39619
1153382,39621
1153882,39619
1154382,39620
1154882,39621
1155382,39621
1155883,39622
1156382,39624
1156882,39623
1157382,39622
1157882,39624
1158382,39624
1158882,39623
1159382,39626
1159882,39624
1160382,39624
1160882,39626
1161382,39624
1161882,39628
1162382,39627
1162882,39627
1163382,39622
1163882,39622
1164382,39622
1164882,39623
1165382,39621
1165882,39624
1166382,39622
1166882,39622
1167382,39625
1167882,39623
1168382,39622
1168882,39621
1169382,39621
1169882,39619
1170382,39623
1170882,39621
1171382,39623
1171883,39622
1172382,39620
1172882,39621
1173382,39624
1173882,39621
1174382,39623
1174882,39621
1175382,39621
1175882,39621
1176382,39622
1176882,39623
1177382,39619
1177882,39619
1178382,39622
1178882,39622
1179382,39623
1179882,39624
1180382,39623
1180882,39622
1181382,39622
1181882,39624
1182382,39622
1182882,39624
1183382,39625
1183882,39622
1184382,39624
1184882,39624
1185382,39625
1185882,39625
1186382,39627
1186882,39623
1187382,39623
1187883,39623
1188382,39624
1188882,39620
1189382,39621
1189882,39624
1190382,39623
1190882,39622
1191382,39624
1191882,39624
1192382,39624
1192882,39623
1193382,39622
1193882,39622
1194382,39622
1194882,39622
1195382,39621
1195882,39622
1196382,39620
1196882,39620
1197382,39623
1197882,39621
1198382,39621
1198882,39623
1199382,39619
1199882,39621
1200382,39622
1200882,39622
1201382,39622
1201882,39622
1202382,39619
1202882,39620
1203382,39620
1203883,39619
1204382,39619
1204882,39619
1205382,39618
1205882,39618
1206382,39620
1206882,39618
1207382,39616
1207882,39617
1208382,39620
1208882,39618
1209382,39619
1209882,39620
1210382,39620
1210882,39620
1211382,39618
1211882,39618
1212382,39620
1212882,39620
1213382,39620
1213882,39622
1214382,39620
1214882,39621
1215382,39623
1215882,39625
1216382,39624
1216882,39624
1217382,39623
1217882,39625
1218382,39625
1218882,39628
1219382,39626
1219883,39624
1220382,39624
1220882,39626
1221382,39626
1221882,39628
1222382,39628
1222882,39628
1223382,39627
1223882,39628
1224382,39628
1224882,39627
1225382,39624
1225882,39625
1226382,39628
1226882,39627
1227382,39624
1227882,39625
1228382,39625
1228882,39624
1229382,39627
1229882,39626
1230382,39626
1230882,39628
1231382,39623
1231882,39626
1232382,39624
1232882,39628
1233382,39627
1233882,39626
1234382,39626
1234882,39629
1235382,39631
1235883,39628
1236382,39630
1236882,39630
1237382,39630
1237882,39629
1238382,39628
1238882,39630
1239382,39632
1239882,39631
1240382,39632
1240882,39631
1241382,39630
1241882,39628
1242382,39630
1242882,39626
1243382,39629
1243882,39624
1244382,39626
1244882,39628
1245382,39626
1245882,39627
1246382,39628
1246882,39629
1247382,39627
1247882,39626
1248382,39626
1248882,39624
1249382,39624
1249882,39625
1250382,39624
1250882,39628
1251382,39626
1251883,39624
1252382,39625
1252882,39625
1253382,39623
1253882,39624
1254382,39625
1254882,39627
1255382,39626
1255882,39624
1256382,39628
1256882,39627
1257382,39627
1257882,39627
1258382,39627
1258882,39626
1259382,39623
1259882,39626
1260382,39626
1260882,39625
1261382,39627
1261882,39626
1262382,39628
1262882,39625
1263382,39626
1263882,39630
1264382,39628
1264882,39628
1265382,39627
1265882,39626
1266382,39627
1266882,39626
1267382,39626
1267883,39628
1268382,39626
1268882,39627
1269382,39626
1269882,39624
1270382,39628
1270882,39626
1271382,39624
1271882,39624
1272382,39627
1272882,39625
1273382,39623
1273882,39624
1274382,39623
1274882,39623
1275382,39622
1275882,39622
1276382,39624
1276882,39625
1277382,39624
1277882,39625
1278382,39626
1278882,39626
1279382,39627
1279882,39627
1280382,39625
1280882,39626
1281382,39627
1281882,39626
1282382,39624
1282882,39628
1283382,39626
1283883,39627
1284382,39626
1284882,39626
1285382,39626
1285882,39626
1286382,39624
1286882,39627
1287382,39623
1287882,39625
1288382,39623
1288882,39628
1289382,39627
1289882,39623
1290382,39625
1290882,39625
1291382,39626
1291882,39626
1292382,39622
1292882,39625
1293382,39624
1293882,39624
1294382,39622
1294882,39625
1295382,39623
1295882,39624
1296382,39621
1296882,39621
1297382,39620
1297882,39620
1298382,39620
1298882,39621
1299382,39622
1299883,39621
1300382,39622
1300882,39620
1301382,39621
1301882,39621
1302382,39620
1302882,39619
1303382,39618
1303882,39621
1304382,39619
1304882,39616
1305382,39618
1305882,39619
1306382,39619
1306882,39618
1307382,39618
1307882,39614
1308382,39618
1308882,39618
1309382,39618
1309882,39615
1310382,39615
1310882,39618
1311382,39616
1311882,39614
1312382,39615
1312882,39613
1313382,39615
1313882,39616
1314382,39616
1314882,39615
1315382,39614
1315883,39613
1316382,39612
1316882,39616
1317382,39614
1317882,39614
1318382,39615
1318882,39612
1319382,39614
1319882,39612
1320382,39615
1320882,39614
1321382,39615
1321882,39616
1322382,39612
1322882,39615
1323382,39613
1323882,39613
1324382,39614
1324882,39612
1325382,39612
1325882,39612
1326382,39614
1326882,39612
1327382,39610
1327882,39613
1328382,39612
1328882,39611
1329382,39613
1329882,39612
1330382,39610
1330882,39611
1331382,39612
1331883,39611
1332382,39613
1332882,39610
1333382,39610
1333882,39610
1334382,39610
1334882,39612
1335382,39611
1335882,39611
1336382,39612
1336882,39610
1337382,39610
1337882,39608
1338382,39611
1338882,39611
1339382,39612
1339882,39611
1340382,39610
1340882,39608
1341382,39611
1341882,39610
1342382,39610
1342882,39610
1343382,39608
1343882,39609
1344382,39610
1344882,39612
1345382,39610
1345882,39609
1346382,39608
1346882,39608
1347382,39611
1347883,39610
1348382,39609
1348882,39612
1349382,39607
1349882,39608
1350382,39607
1350882,39608
1351382,39607
1351882,39609
1352382,39609
1352882,39608
1353382,39608
1353882,39606
1354382,39610
1354882,39610
1355382,39606
1355882,39610
1356382,39610
1356882,39607
1357382,39607
1357882,39607
1358382,39608
1358882,39610
1359382,39607
1359882,39605
1360382,39607
1360882,39606
1361382,39609
1361882,39609
1362382,39606
1362882,39608
1363382,39609
1363883,39610
1364382,39607
1364882,39608
1365382,39607
1365882,39606
1366382,39606
1366882,39608
1367382,39606
1367882,39606
1368382,39606
1368882,39607
1369382,39607
1369882,39607
1370382,39608
1370882,39605
1371382,39607
1371882,39608
1372382,39604
1372882,39606
1373382,39606
1373882,39606
1374382,39607
1374882,39603
1375382,39605
1375882,39606
1376382,39603
1376882,39604
1377382,39606
1377882,39608
1378382,39604
1378882,39602
1379382,39604
1379883,39602
1380382,39604
1380882,39605
1381382,39605
1381882,39604
1382382,39605
1382882,39603
1383382,39603
1383882,39605
1384382,39605
1384882,39606
1385382,39604
1385882,39607
1386382,39607
1386882,39606
1387382,39607
1387882,39604
1388382,39604
1388882,39604
1389382,39603
1389882,39605
1390382,39603
1390882,39607
1391382,39603
1391882,39606
1392382,39605
1392882,39604
1393382,39602
1393882,39604
1394382,39604
1394882,39602
1395382,39604
1395883,39602
1396382,39605
1396882,39606
1397382,39601
1397882,39603
1398382,39604
1398882,39601
1399382,39604
1399882,39603
1400382,39604
1400882,39605
1401382,39605
1401882,39605
1402382,39608
1402882,39609
1403382,39608
1403882,39610
1404382,39609
1404882,39608
1405382,39610
1405882,39612
1406382,39613
1406882,39614
1407382,39615
1407882,39612
1408382,39614
1408882,39610
1409382,39614
1409882,39615
1410382,39614
1410882,39614
1411382,39615
1411883,39614
1412382,39614
1412882,39616
1413382,39614
1413882,39612
1414382,39615
1414882,39612
1415382,39614
1415882,39613
1416382,39613
1416882,39615
1417382,39614
1417882,39614
1418382,39615
1418882,39613
1419382,39614
1419882,39616
1420382,39615
1420882,39614
1421382,39615
1421882,39612
1422382,39613
1422882,39613
1423382,39616
1423882,39616
1424382,39616
1424882,39615
1425382,39614
1425882,39614
1426382,39614
1426882,39615
1427382,39613
1427883,39614
1428382,39614
1428882,39614
1429382,39613
1429882,39613
1430382,39614
1430882,39614
1431382,39612
1431882,39612
1432382,39614
1432882,39613
1433382,39612
1433882,39612
1434382,39613
1434882,39614
1435382,39612
1435882,39613
1436382,39612
1436882,39613
1437382,39609
1437882,39610
1438382,39614
1438882,39608
1439382,39610
1439882,39608
1440382,39610
1440882,39612
1441382,39608
1441882,39607
1442382,39612
1442882,39612
1443382,39608
1443883,39609
1444382,39611
1444882,39608
1445382,39609
1445882,39608
1446382,39607
1446882,39607
1447382,39612
1447882,39606
1448382,39606
1448882,39608
1449382,39610
1449882,39608
1450382,39608
1450882,39607
1451382,39607
1451882,39607
1452382,39610
1452882,39609
1453382,39608
1453882,39607
1454382,39607
1454882,39606
1455382,39606
1455882,39606
1456382,39606
1456882,39608
1457382,39607
1457882,39606
1458382,39608
1458882,39608
1459382,39605
1459883,39605
1460382,39608
1460882,39604
1461382,39606
1461882,39605
1462382,39607
1462882,39604
1463382,39607
1463882,39607
1464382,39605
1464882,39605
1465382,39603
1465882,39604
1466382,39605
1466882,39605
1467382,39604
1467882,39604
1468382,39604
1468882,39603
1469382,39606
1469882,39602
1470382,39601
1470882,39605
1471382,39606
1471882,39602
1472382,39602
1472882,39604
1473382,39602
1473882,39604
1474382,39603
1474882,39604
1475382,39603
1475883,39604
1476382,39604
1476882,39602
1477382,39600
1477882,39603
1478382,39603
1478882,39601
1479382,39600
1479882,39602
1480382,39603
1480882,39599
1481382,39603
1481882,39602
1482382,39602
1482882,39601
1483382,39600
1483882,39602
1484382,39602
1484882,39602
1485382,39602
1485882,39600
1486382,39604
1486882,39600
1487382,39600
1487882,39601
1488382,39599
1488882,39597
1489382,39600
1489882,39599
1490382,39603
1490882,39598
1491382,39601
1491883,39600
1492382,39597
1492882,39596
1493382,39596
1493882,39600
1494382,39600
1494882,39596
1495382,39598
1495882,39598
1496382,39600
1496882,39599
1497382,39598
1497882,39600
1498382,39600
1498882,39599
1499382,39599
1499882,39596
1500382,39598
1500882,39599
1501382,39599
1501882,39598
1502382,39598
1502882,39598
1503382,39596
1503882,39600
1504382,39598
1504882,39596
1505382,39597
1505882,39596
1506382,39598
1506882,39597
1507382,39598
1507883,39595
1508382,39598
1508882,39597
1509382,39599
1509882,39596
1510382,39597
1510882,39596
1511382,39595
1511882,39595
1512382,39596
1512882,39596
1513382,39596
1513882,39597
1514382,39598
1514882,39595
1515382,39595
1515882,39594
1516382,39595
1516882,39598
1517382,39594
1517882,39595
1518382,39597
1518882,39595
1519382,39595
1519882,39594
1520382,39597
1520882,39592
1521382,39594
1521882,39594
1522382,39595
1522882,39593
1523382,39594
1523883,39592
1524382,39594
1524882,39595
1525382,39592
1525882,39594
1526382,39594
1526882,39593
1527382,39594
1527882,39591
1528382,39594
1528882,39592
1529382,39593
1529882,39593
1530382,39592
1530882,39595
1531382,39592
1531882,39592
1532382,39594
1532882,39592
1533382,39595
1533882,39593
1534382,39593
1534882,39590
1535382,39592
1535882,39592
1536382,39592
1536882,39592
1537382,39590
1537882,39592
1538382,39590
1538882,39590
1539382,39590
1539883,39591
1540382,39590
1540882,39593
1541382,39592
1541882,39590
1542382,39591
1542882,39588
1543382,39590
1543882,39590
1544382,39589
1544882,39590
1545382,39589
1545882,39591
1546382,39589
1546882,39589
1547382,39592
1547882,39589
1548382,39593
1548882,39588
1549382,39589
1549882,39590
1550382,39587
1550882,39590
1551382,39589
1551882,39590
1552382,39589
1552882,39591
1553382,39588
1553882,39587
1554382,39589
1554882,39589
1555382,39590
1555883,39587
1556382,39591
1556882,39587
1557382,39588
1557882,39591
1558382,39587
1558882,39587
1559382,39587
1559882,39588
1560382,39587
1560882,39590
1561382,39586
1561882,39587
1562382,39586
1562882,39586
1563382,39587
1563882,39586
1564382,39585
1564882,39588
1565382,39588
1565882,39584
1566382,39584
1566882,39585
1567382,39586
1567882,39584
1568382,39586
1568882,39587
1569382,39586
1569882,39584
1570382,39584
1570882,39585
1571382,39585
1571883,39582
1572382,39582
1572882,39584
1573382,39585
1573882,39588
1574382,39587
1574882,39588
1575382,39585
1575882,39586
1576382,39586
1576882,39586
1577382,39584
1577882,39584
1578382,39588
1578882,39587
1579382,39584
1579882,39586
1580382,39586
1580882,39583
1581382,39588
1581882,39584
1582382,39584
1582882,39583
1583382,39582
1583882,39585
1584382,39582
1584882,39583
1585382,39584
1585882,39585
1586382,39583
1586882,39584
1587382,39583
1587883,39584
1588382,39584
1588882,39586
1589382,39582
1589882,39585
1590382,39584
1590882,39585
1591382,39584
1591882,39584
1592382,39585
1592882,39584
1593382,39583
1593882,39584
1594382,39584
1594882,39583
1595382,39584
1595882,39578
1596382,39582
1596882,39582
1597382,39582
1597882,39583
1598382,39581
1598882,39582
1599382,39581
1599882,39581
1600382,39580
1600882,39581
1601382,39581
1601882,39580
1602382,39579
1602882,39582
1603382,39578
1603883,39583
1604382,39580
1604882,39580
1605382,39580
1605882,39584
1606382,39583
1606882,39580
1607382,39582
1607882,39580
1608382,39584
1608882,39581
1609382,39580
1609882,39578
1610382,39582
1610882,39578
1611382,39582
1611882,39580
1612382,39577
1612882,39581
1613382,39581
1613882,39579
1614382,39581
1614882,39580
1615382,39582
1615882,39581
1616382,39578
1616882,39580
1617382,39580
1617882,39578
1618382,39579
1618882,39580
1619382,39578
1619883,39581
1620382,39578
1620882,39578
1621382,39580
1621882,39580
1622382,39581
1622882,39575
1623382,39579
1623882,39578
1624382,39578
1624882,39578
1625382,39577
1625882,39577
1626382,39578
1626882,39577
1627382,39576
1627882,39579
1628382,39576
1628882,39576
1629382,39576
1629882,39576
1630382,39577
1630882,39577
1631382,39575
1631882,39577
1632382,39577
1632882,39579
1633382,39577
1633882,39578
1634382,39578
1634882,39576
1635382,39576
1635883,39574
1636382,39577
1636882,39574
1637382,39576
1637882,39575
1638382,39576
1638882,39576
1639382,39574
1639882,39577
1640382,39578
1640882,39576
1641382,39577
1641882,39578
1642382,39577
1642882,39574
1643382,39576
1643882,39576
1644382,39576
1644882,39575
1645382,39576
1645882,39575
1646382,39576
1646882,39577
1647382,39573
1647882,39575
1648382,39574
1648882,39574
1649382,39572
1649882,39574
1650382,39577
1650882,39574
1651382,39575
1651883,39573
1652382,39574
1652882,39574
1653382,39575
1653882,39573
1654382,39574
1654882,39573
1655382,39574
1655882,39575
1656382,39575
1656882,39573
1657382,39573
1657882,39572
1658382,39576
1658882,39575
1659382,39573
1659882,39574
1660382,39575
1660882,39570
1661382,39573
1661882,39576
1662382,39572
1662882,39574
1663382,39574
1663882,39573
1664382,39573
1664882,39572
1665382,39572
1665882,39573
1666382,39571
1666882,39572
1667382,39575
1667883,39571
1668382,39574
1668882,39572
1669382,39572
1669882,39573
1670382,39575
1670882,39572
1671382,39571
1671882,39573
1672382,39572
1672882,39572
1673382,39573
1673882,39572
1674382,39572
1674882,39572
1675382,39572
1675882,39573
1676382,39570
1676882,39569
1677382,39571
1677882,39574
1678382,39572
1678882,39571
1679382,39573
1679882,39572
1680382,39571
1680882,39568
1681382,39574
1681882,39570
1682382,39573
1682882,39571
1683382,39570
1683883,39570
1684382,39572
1684882,39572
1685382,39572
1685882,39571
1686382,39572
1686882,39572
1687382,39570
1687882,39572
1688382,39571
1688882,39572
1689382,39574
1689882,39570
1690382,39571
1690882,39572
1691382,39571
1691882,39574
1692382,39571
1692882,39570
1693382,39572
1693882,39568
1694382,39573
1694882,39573
1695382,39570
1695882,39573
1696382,39572
1696882,39572
1697382,39570
1697882,39572
1698382,39572
1698882,39573
1699382,39572
1699883,39570
1700382,39574
1700882,39572
1701382,39572
1701882,39571
1702382,39573
1702882,39572
1703382,39572
1703882,39574
1704382,39571
1704882,39573
1705382,39572
1705882,39571
1706382,39571
1706882,39572
1707382,39570
1707882,39573
1708382,39572
1708882,39572
1709382,39571
1709882,39573
1710382,39566
1710882,39568
1711382,39568
1711882,39569
1712382,39570
1712882,39569
1713382,39570
1713882,39570
1714382,39567
1714882,39572
1715382,39570
1715883,39571
1716382,39570
1716882,39568
1717382,39568
1717882,39567
1718382,39571
1718882,39572
1719382,39568
1719882,39569
1720382,39570
1720882,39568
1721382,39568
1721882,39569
1722382,39569
1722882,39568
1723382,39568
1723882,39568
1724382,39566
1724882,39567
1725382,39569
1725882,39566
1726382,39568
1726882,39567
1727382,39567
1727882,39569
1728382,39567
1728882,39568
1729382,39567
1729882,39568
1730382,39566
1730882,39565
1731382,39568
1731883,39566
1732382,39566
1732882,39566
1733382,39565
1733882,39564
1734382,39566
1734882,39568
1735382,39563
1735882,39565
1736382,39564
1736882,39567
1737382,39564
1737882,39566
1738382,39569
1738882,39564
1739382,39567
1739882,39568
1740382,39564
1740882,39565
1741382,39565
1741882,39566
1742382,39565
1742882,39565
1743382,39566
1743882,39565
1744382,39564
1744882,39560
1745382,39564
1745882,39561
1746382,39565
1746882,39562
1747382,39564
1747883,39566
1748382,39566
1748882,39563
1749382,39565
1749882,39566
1750382,39567
1750882,39566
1751382,39565
1751882,39564
1752382,39563
1752882,39564
1753382,39518
1753882,39365
1754382,39058
1754882,38654
1755382,38362
1755882,38065
1756382,37770
1756882,37507
1757382,37250
1757882,37027
1758382,36800
1758882,36600
1759382,36395
1759882,36216
1760382,36069
1760882,35902
1761382,35755
1761882,35603
1762382,35522
1762882,35394
1763382,35288
1763883,35180
1764382,35102
1764882,35025
1765382,34955
1765882,34892
1766382,34844
1766882,34806
1767382,34769
1767882,34734
1768382,34701
1768882,34687
1769382,34682
1769882,34679
1770382,34687
1770882,34696
1771382,34660
1771882,34738
1772382,34731
1772882,34761
1773382,34797
1773882,34830
1774382,34833
1774882,34871
1775382,34883
1775882,34918
1776382,34943
1776882,34963
1777382,34976
1777882,35012
1778382,35046
1778882,35064
1779382,35091
1779883,35116
1780382,35146
1780882,35169
1781382,35197
1781882,35225
1782382,35250
1782882,35279
1783382,35307
1783882,35333
1784382,35358
1784882,35383
1785382,35428
1785882,35462
1786382,35488
1786882,35521
1787382,35547
1787882,35580
1788382,35609
1788882,35636
1789382,35662
1789882,35713
1790382,35727
1790882,35761
1791382,35782
1791882,35808
1792382,35839
1792882,35861
1793382,35894
1793882,35916
1794382,35944
1794882,35975
1795382,36003
1795883,36034
1796382,36063
1796882,36087
1797382,36109
1797882,36890
1798382,36168
1798882,36194
1799382,36224
1799882,36252
1800382,36282
1800882,36307
1801382,36342
1801882,36362
1802382,36392
1802882,36420
1803382,36455
1803882,36482
1804382,36513
1804882,36533
1805382,36562
1805882,36607
1806382,36638
1806882,36668
1807382,36700
1807882,36729
1808382,36755
1808882,36778
1809382,36789
1809882,36810
1810382,36886
1810882,36921
1811382,36948
1811883,36984
1812382,36993
1812882,37049
1813382,37087
1813882,37116
1814382,37154
1814882,37180
1815382,37208
1815882,37236
1816382,37270
1816882,37298
1817382,37291
1817882,37354
1818382,37403
1818882,39409
1819382,37454
1819882,38751
1820382,37528
1820882,37556
1821382,37529
1821882,37576
1822382,37671
1822882,37678
1823382,37721
1823882,37773
1824382,37804
1824882,37830
1825382,37864
1825882,37894
1826382,37924
1826882,37958
1827382,37984
1827883,38018
1828382,38048
1828882,38074
1829382,38113
1829882,38138
1830382,38171
1830882,38182
1831382,38220
1831882,38271
1832382,38288
1832882,38300
1833382,38336
1833882,38396
1834382,38428
1834882,38458
1835382,38440
1835882,38539
1836382,38511
1836882,38590
1837382,38625
1837882,38648
1838382,38676
1838882,38682
1839382,38731
1839882,38780
1840382,38811
1840882,38840
1841382,38882
1841882,38890
1842382,38938
1842882,38926
1843382,39004
1843883,39045
1844382,39086
1844882,39112
1845382,39141
1845882,39178
1846382,39202
1846882,39240
1847382,39244
1847882,39274
1848382,39326
1848882,39362
1849382,39398
1849882,39434
1850382,39453
1850882,39497
1851382,39524
1851882,39548
1852382,39547
1852882,39567
1853382,39653
1853882,39680
1854382,39702
1854882,39736
1855382,39758
1855882,39779
1856382,39807
1856882,39867
1857382,39884
1857882,39883
1858382,39879
1858882,39879
1859382,39880
1859883,39878
1860382,39876
1860882,39874
1861382,39876
1861882,39874
1862382,39877
1862882,39874
1863382,39874
1863882,39872
1864382,39872
1864882,39873
1865382,39873
1865882,39870
1866382,39872
1866882,39870
1867382,39871
1867882,39871
1868382,39871
1868882,39867
1869382,39867
1869882,39868
1870382,39868
1870882,39865
1871382,39865
1871882,39865
1872382,39866
1872882,39865
1873382,39862
1873882,39862
1874382,39861
1874882,39863
1875382,39860
1875883,39858
1876382,39860
1876882,39857
1877382,39862
1877882,39861
1878382,39856
1878882,39859
1879382,39858
1879882,39858
1880382,39855
1880882,39855
1881382,39854
1881882,39855
1882382,39855
1882882,39855
1883382,39856
1883882,39857
1884382,39853
1884882,39852
1885382,39852
1885882,39852
1886382,39850
1886882,39851
1887382,39853
1887882,39850
1888382,39850
1888882,39850
1889382,39846
1889882,39848
1890382,39847
1890882,39845
1891382,39846
1891883,39847
1892382,39847
1892882,39843
1893382,39846
1893882,39845
1894382,39843
1894882,39843
1895382,39846
1895882,39844
1896382,39844
1896882,39842
1897382,39842
1897882,39844
1898382,39844
1898882,39840
1899382,39841
1899882,39841
1900382,39842
1900882,39838
1901382,39839
1901882,39840
1902382,39838
1902882,39838
1903382,39839
1903882,39837
1904382,39839
1904882,39837
1905382,39834
1905882,39838
1906382,39839
1906882,39838
1907382,39834
1907883,39836
1908382,39833
1908882,39835
1909382,39834
1909882,39834
1910382,39833
1910882,39834
1911382,39834
1911882,39834
1912382,39831
1912882,39832
1913382,39834
1913882,39832
1914382,39830
1914882,39833
1915382,39832
1915882,39830
1916382,39831
1916882,39831
1917382,39831
1917882,39830
1918382,39830
1918882,39829
1919382,39827
1919882,39826
1920382,39826
1920882,39829
1921382,39826
1921882,39827
1922382,39826
1922882,39826
1923382,39822
1923883,39827
1924382,39825
1924882,39825
1925382,39825
1925882,39823
1926382,39823
1926882,39824
1927382,39822
1927882,39824
1928382,39824
1928882,39823
1929382,39824
1929882,39822
1930382,39826
1930882,39822
1931382,39822
1931882,39822
1932382,39819
1932882,39822
1933382,39820
1933882,39821
1934382,39820
1934882,39822
1935382,39820
1935882,39821
1936382,39818
1936882,39817
1937382,39820
1937882,39820
1938382,39818
1938882,39815
1939382,39819
1939883,39818
1940382,39817
1940882,39817
1941382,39816
1941882,39814
1942382,39816
1942882,39817
1943382,39815
1943882,39818
1944382,39814
1944882,39816
1945382,39816
1945882,39816
1946382,39812
1946882,39813
1947382,39815
1947882,39815
1948382,39816
1948882,39815
1949382,39811
1949882,39813
1950382,39816
1950882,39814
1951382,39813
1951882,39814
1952382,39814
1952882,39811
1953382,39810
1953882,39811
1954382,39813
1954882,39810
1955382,39809
1955883,39811
1956382,39808
1956882,39813
1957382,39809
1957882,39810
1958382,39809
1958882,39811
1959382,39808
1959882,39811
1960382,39808
1960882,39806
1961382,39809
1961882,39807
1962382,39809
1962882,39807
1963382,39810
1963882,39806
1964382,39808
1964882,39808
1965382,39806
1965882,39808
1966382,39807
1966882,39805
1967382,39808
1967882,39805
1968382,39806
1968882,39807
1969382,39806
1969882,39805
1970382,39804
1970882,39806
1971382,39804
1971883,39804
1972382,39805
1972882,39804
1973382,39805
1973882,39804
1974382,39805
1974882,39803
1975382,39802
1975882,39803
1976382,39801
1976882,39803
1977382,39801
1977882,39798
1978382,39799
1978882,39802
1979382,39801
1979882,39800
1980382,39800
1980882,39800
1981382,39801
1981882,39800
1982382,39800
1982882,39797
1983382,39801
1983882,39798
1984382,39798
1984882,39797
1985382,39799
1985882,39799
1986382,39798
1986882,39799
1987382,39800
1987883,39796
1988382,39797
1988882,39797
1989382,39795
1989882,39798
1990382,39796
1990882,39794
1991382,39796
1991882,39796
1992382,39797
1992882,39794
1993382,39795
1993882,39794
1994382,39796
1994882,39794
1995382,39796
1995882,39793
1996382,39791
1996882,39792
1997382,39794
1997882,39794
1998382,39795
1998882,39792
1999382,39792
1999882,39793
2000382,39791
