timestamp,UP,Pressure (Pa)
1382,40007,120968
1882,40008,120971
2382,40007,120968
2882,40007,120968
3382,40005,120962
3883,40006,120965
4382,40006,120965
4882,40007,120968
5382,40006,120965
5882,40006,120965
6382,40006,120965
6882,40005,120962
7382,40007,120968
7882,40007,120968
8382,40006,120965
8882,40007,120968
9382,40006,120965
9882,40007,120968
10382,40004,120958
10882,40005,120962
11382,40006,120965
11882,40003,120955
12382,40005,120962
12882,40004,120958
13382,40004,120958
13882,40005,120962
14382,40002,120952
14882,40004,120958
15382,40003,120955
15882,40006,120965
16382,40004,120958
16882,40006,120965
17382,40006,120965
17882,40004,120958
18382,40003,120955
18882,40003,120955
19382,40004,120958
19883,40004,120958
20382,40004,120958
20882,40004,120958
21382,40003,120955
21882,40002,120952
22382,40002,120952
22882,40002,120952
23382,40001,120950
23882,40002,120952
24382,40002,120952
24882,40002,120952
25382,40003,120955
25882,40000,120947
26382,40002,120952
26882,40000,120947
27382,40001,120950
27882,40002,120952
28382,40003,120955
28882,40002,120952
29382,40002,120952
29882,40004,120958
30382,40000,120947
30882,40001,120950
31382,40002,120952
31882,40000,120947
32382,40000,120947
32882,40002,120952
33382,39998,120941
33882,40001,120950
34382,40000,120947
34882,40000,120947
35382,39999,120944
35883,40001,120950
36382,40000,120947
36882,40000,120947
37382,40002,120952
37882,40002,120952
38382,39998,120941
38882,40001,120950
39382,40000,120947
39882,40001,120950
40382,39998,120941
40882,40000,120947
41382,39999,120944
41882,40001,120950
42382,40003,120955
42882,39998,120941
43382,40000,120947
43882,39999,120944
44382,39999,120944
44882,39999,120944
45382,39998,120941
45882,39998,120941
46382,39997,120938
46882,39998,120941
47382,39995,120932
47882,39998,120941
48382,39997,120938
48882,39998,120941
49382,39997,120938
49882,39997,120938
50382,39994,120929
50882,39999,120944
51382,39995,120932
51883,39996,120935
52382,39996,120935
52882,39996,120935
53382,39998,120941
53882,39997,120938
54382,39994,120929
54882,39993,120926
55382,39995,120932
55882,39995,120932
56382,39994,120929
56882,39994,120929
57382,39996,120935
57882,39991,120920
58382,39992,120923
58882,39992,120923
59382,39993,120926
59882,39994,120929
60382,39990,120917
60882,39993,120926
61382,39991,120920
61882,39991,120920
62382,39992,120923
62882,39990,120917
63382,39992,120923
63882,39993,120926
64382,39988,120911
64882,39988,120911
65382,39991,120920
65882,39990,120917
66382,39988,120911
66882,39989,120914
67382,39986,120904
67883,39986,120904
68382,39989,120914
68882,39988,120911
69382,39985,120901
69882,39988,120911
70382,39985,120901
70882,39989,120914
71382,39986,120904
71882,39989,120914
72382,39987,120908
72882,39986,120904
73382,39984,120898
73882,39985,120901
74382,39984,120898
74882,39984,120898
75382,39984,120898
75882,39983,120895
76382,39983,120895
76882,39985,120901
77382,39983,120895
77882,39985,120901
78382,39984,120898
78882,39980,120886
79382,39982,120892
79882,39982,120892
80382,39984,120898
80882,39984,120898
81382,39982,120892
81882,39984,120898
82382,39983,120895
82882,39981,120889
83382,39979,120883
83883,39978,120880
84382,39979,120883
84882,39978,120880
85382,39981,120889
85882,39979,120883
86382,39977,120877
86882,39976,120874
87382,39980,120886
87882,39980,120886
88382,39981,120889
88882,39980,120886
89382,39983,120895
89882,39980,120886
90382,39980,120886
90882,39976,120874
91382,39974,120868
91882,39979,120883
92382,39977,120877
92882,39976,120874
93382,39977,120877
93882,39976,120874
94382,39975,120871
94882,39973,120862
95382,39973,120862
95882,39972,120859
96382,39974,120868
96882,39970,120853
97382,39970,120853
97882,39971,120856
98382,39969,120850
98882,39967,120843
99382,39967,120843
99883,39965,120838
100382,39966,120841
100882,39968,120847
101382,39970,120853
101882,39968,120847
102382,39968,120847
102882,39971,120856
103382,39966,120841
103882,39967,120843
104382,39967,120843
104882,39968,120847
105382,39966,120841
105882,39969,120850
106382,39968,120847
106882,39965,120838
107382,39966,120841
107882,39964,120835
108382,39962,120829
108882,39965,120838
109382,39962,120829
109882,39966,120841
110382,39962,120829
110882,39964,120835
111382,39965,120838
111882,39963,120832
112382,39960,120823
112882,39961,120826
113382,39958,120817
113882,39960,120823
114382,39959,120820
114882,39957,120814
115382,39960,120823
115883,39958,120817
116382,39957,120814
116882,39957,120814
117382,39961,120826
117882,39958,120817
118382,39959,120820
118882,39957,120814
119382,39960,120823
119882,39957,120814
120382,39957,120814
120882,39958,120817
121382,39959,120820
121882,39957,120814
122382,39956,120811
122882,39957,120814
123382,39956,120811
123882,39955,120808
124382,39954,120805
124882,39956,120811
125382,39958,120817
125882,39955,120808
126382,39957,120814
126882,39956,120811
127382,39954,120805
127882,39954,120805
128382,39952,120799
128882,39954,120805
129382,39954,120805
129882,39952,120799
130382,39950,120793
130882,39951,120796
131382,39952,120799
131883,39951,120796
132382,39952,120799
132882,39951,120796
133382,39950,120793
133882,39950,120793
134382,39952,120799
134882,39948,120786
135382,39950,120793
135882,39948,120786
136382,39948,120786
136882,39948,120786
137382,39948,120786
137882,39949,120790
138382,39946,120780
138882,39943,120771
139382,39947,120783
139882,39945,120777
140382,39942,120768
140882,39942,120768
141382,39944,120774
141882,39944,120774
142382,39944,120774
142882,39944,120774
143382,39944,120774
143882,39941,120765
144382,39942,120768
144882,39941,120765
145382,39941,120765
145882,39940,120762
146382,39940,120762
146882,39942,120768
147382,39939,120759
147883,39940,120762
148382,39938,120756
148882,39937,120753
149382,39940,120762
149882,39938,120756
150382,39937,120753
150882,39937,120753
151382,39936,120750
151882,39935,120747
152382,39934,120744
152882,39934,120744
153382,39934,120744
153882,39936,120750
154382,39934,120744
154882,39933,120741
155382,39930,120731
155882,39931,120735
156382,39932,120738
156882,39933,120741
157382,39930,120731
157882,39931,120735
158382,39929,120728
158882,39929,120728
159382,39930,120731
159882,39930,120731
160382,39931,120735
160882,39927,120722
161382,39930,120731
161882,39928,120725
162382,39928,120725
162882,39928,120725
163382,39925,120716
163883,39926,120719
164382,39928,120725
164882,39926,120719
165382,39925,120716
165882,39922,120707
166382,39925,120716
166882,39923,120710
167382,39922,120707
167882,39924,120713
168382,39924,120713
168882,39923,120710
169382,39924,120713
169882,39922,120707
170382,39922,120707
170882,39922,120707
171382,39918,120696
171882,39922,120707
172382,39922,120707
172882,39918,120696
173382,39918,120696
173882,39916,120690
174382,39917,120693
174882,39916,120690
175382,39917,120693
175882,39918,120696
176382,39915,120687
176882,39913,120681
177382,39916,120690
177882,39912,120678
178382,39913,120681
178882,39912,120678
179382,39915,120687
179883,39914,120684
180382,39911,120674
180882,39912,120678
181382,39910,120671
181882,39913,120681
182382,39912,120678
182882,39910,120671
183382,39910,120671
183882,39910,120671
184382,39908,120665
184882,39907,120662
185382,39908,120665
185882,39908,120665
186382,39910,120671
186882,39907,120662
187382,39907,120662
187882,39906,120659
188382,39903,120650
188882,39906,120659
189382,39902,120647
189882,39901,120644
190382,39904,120653
190882,39905,120656
191382,39901,120644
191882,39904,120653
192382,39901,120644
192882,39901,120644
193382,39899,120638
193882,39898,120635
194382,39901,120644
194882,39898,120635
195382,39898,120635
195883,39899,120638
196382,39897,120632
196882,39898,120635
197382,39899,120638
197882,39897,120632
198382,39897,120632
198882,39896,120629
199382,39892,120616
199882,39896,120629
200382,39896,120629
200882,39896,120629
201382,39894,120623
201882,39895,120626
202382,39893,120619
202882,39894,120623
203382,39891,120613
203882,39892,120616
204382,39893,120619
204882,39890,120610
205382,39890,120610
205882,39888,120601
206382,39888,120601
206882,39888,120601
207382,39889,120604
207882,39890,120610
208382,39887,120599
208882,39885,120593
209382,39885,120593
209882,39887,120599
210382,39886,120596
210882,39887,120599
211382,39886,120596
211883,39885,120593
212382,39884,120590
212882,39883,120587
213382,39885,120593
213882,39882,120584
214382,39884,120590
214882,39882,120584
215382,39884,120590
215882,39882,120584
216382,39879,120575
216882,39881,120581
217382,39880,120578
217882,39880,120578
218382,39878,120572
218882,39878,120572
219382,39878,120572
219882,39876,120566
220382,39879,120575
220882,39876,120566
221382,39877,120569
221882,39872,120553
222382,39876,120566
222882,39876,120566
223382,39876,120566
223882,39874,120559
224382,39872,120553
224882,39870,120547
225382,39874,120559
225882,39869,120544
226382,39873,120556
226882,39869,120544
227382,39871,120550
227883,39870,120547
228382,39868,120541
228882,39868,120541
229382,39866,120535
229882,39868,120541
230382,39866,120535
230882,39868,120541
231382,39865,120532
231882,39866,120535
232382,39863,120526
232882,39866,120535
233382,39866,120535
233882,39862,120523
234382,39861,120520
234882,39863,120526
235382,39864,120529
235882,39862,120523
236382,39863,120526
236882,39860,120517
237382,39862,120523
237882,39860,120517
238382,39860,120517
238882,39859,120514
239382,39858,120511
239882,39859,120514
240382,39858,120511
240882,39857,120508
241382,39858,120511
241882,39858,120511
242382,39856,120504
242882,39854,120498
243382,39855,120501
243883,39854,120498
244382,39855,120501
244882,39854,120498
245382,39852,120492
245882,39850,120486
246382,39853,120495
246882,39851,120489
247382,39850,120486
247882,39854,120498
248382,39851,120489
248882,39851,120489
249382,39848,120480
249882,39848,120480
250382,39849,120483
250882,39847,120477
251382,39846,120474
251882,39845,120471
252382,39846,120474
252882,39848,120480
253382,39846,120474
253882,39846,120474
254382,39845,120471
254882,39845,120471
255382,39842,120462
255882,39845,120471
256382,39845,120471
256882,39845,120471
257382,39843,120465
257882,39844,120468
258382,39845,120471
258882,39841,120459
259382,39841,120459
259883,39843,120465
260382,39842,120462
260882,39842,120462
261382,39840,120457
261882,39839,120454
262382,39840,120457
262882,39840,120457
263382,39839,120454
263882,39840,120457
264382,39839,120454
264882,39841,120459
265382,39839,120454
265882,39840,120457
266382,39838,120451
266882,39838,120451
267382,39839,120454
267882,39838,120451
268382,39837,120447
268882,39837,120447
269382,39838,120451
269882,39836,120444
270382,39835,120441
270882,39839,120454
271382,39834,120438
271882,39838,120451
272382,39836,120444
272882,39834,120438
273382,39835,120441
273882,39835,120441
274382,39834,120438
274882,39835,120441
275382,39834,120438
275883,39835,120441
276382,39834,120438
276882,39837,120447
277382,39836,120444
277882,39836,120444
278382,39835,120441
278882,39831,120429
279382,39835,120441
279882,39834,120438
280382,39833,120435
280882,39834,120438
281382,39831,120429
281882,39835,120441
282382,39833,120435
282882,39832,120432
283382,39833,120435
283882,39834,120438
284382,39834,120438
284882,39831,120429
285382,39833,120435
285882,39834,120438
286382,39833,120435
286882,39833,120435
287382,39833,120435
287882,39832,120432
288382,39832,120432
288882,39833,120435
289382,39832,120432
289882,39832,120432
290382,39832,120432
290882,39833,120435
291382,39832,120432
291883,39831,120429
292382,39830,120426
292882,39830,120426
293382,39826,120414
293882,39828,120420
294382,39826,120414
294882,39829,120423
295382,39826,120414
295882,39826,120414
296382,39826,120414
296882,39826,120414
297382,39827,120417
297882,39826,120414
298382,39827,120417
298882,39826,120414
299382,39826,120414
299882,39827,120417
300382,39829,120423
300882,39827,120417
301382,39826,120414
301882,39826,120414
302382,39828,120420
302882,39826,120414
303382,39828,120420
303882,39827,120417
304382,39827,120417
304882,39826,120414
305382,39824,120408
305882,39826,120414
306382,39828,120420
306882,39830,120426
307382,39828,120420
307883,39825,120411
308382,39827,120417
308882,39828,120420
309382,39828,120420
309882,39828,120420
310382,39827,120417
310882,39825,120411
311382,39826,120414
311882,39826,120414
312382,39826,120414
312882,39824,120408
313382,39824,120408
313882,39826,120414
314382,39827,120417
314882,39824,120408
315382,39824,120408
315882,39823,120405
316382,39826,120414
316882,39825,120411
317382,39823,120405
317882,39824,120408
318382,39824,120408
318882,39824,120408
319382,39822,120402
319882,39819,120392
320382,39821,120399
320882,39822,120402
321382,39817,120386
321882,39821,120399
322382,39819,120392
322882,39820,120396
323382,39818,120389
323883,39819,120392
324382,39820,120396
324882,39818,120389
325382,39820,120396
325882,39819,120392
326382,39816,120383
326882,39815,120380
327382,39816,120383
327882,39816,120383
328382,39814,120377
328882,39815,120380
329382,39814,120377
329882,39815,120380
330382,39814,120377
330882,39811,120368
331382,39816,120383
331882,39814,120377
332382,39812,120371
332882,39813,120374
333382,39812,120371
333882,39814,120377
334382,39812,120371
334882,39810,120365
335382,39810,120365
335882,39810,120365
336382,39811,120368
336882,39812,120371
337382,39811,120368
337882,39810,120365
338382,39808,120359
338882,39808,120359
339382,39811,120368
339883,39810,120365
340382,39808,120359
340882,39810,120365
341382,39809,120362
341882,39808,120359
342382,39808,120359
342882,39806,120353
343382,39809,120362
343882,39806,120353
344382,39805,120348
344882,39806,120353
345382,39806,120353
345882,39806,120353
346382,39806,120353
346882,39807,120356
347382,39808,120359
347882,39809,120362
348382,39806,120353
348882,39804,120345
349382,39802,120339
349882,39804,120345
350382,39805,120348
350882,39804,120345
351382,39803,120342
351882,39806,120353
352382,39804,120345
352882,39805,120348
353382,39805,120348
353882,39805,120348
354382,39806,120353
354882,39806,120353
355382,39811,120368
355883,39808,120359
356382,39807,120356
356882,39808,120359
357382,39808,120359
357882,39808,120359
358382,39811,120368
358882,39809,120362
359382,39810,120365
359882,39812,120371
360382,39808,120359
360882,39811,120368
361382,39810,120365
361882,39814,120377
362382,39813,120374
362882,39816,120383
363382,39815,120380
363882,39813,120374
364382,39815,120380
364882,39814,120377
365382,39817,120386
365882,39818,120389
366382,39816,120383
366882,39817,120386
367382,39817,120386
367882,39818,120389
368382,39821,120399
368882,39820,120396
369382,39822,120402
369882,39823,120405
370382,39826,120414
370882,39828,120420
371382,39830,120426
371883,39832,120432
372382,39832,120432
372882,39833,120435
373382,39834,120438
373882,39832,120432
374382,39839,120454
374882,39836,120444
375382,39837,120447
375882,39838,120451
376382,39838,120451
376882,39836,120444
377382,39840,120457
377882,39838,120451
378382,39837,120447
378882,39840,120457
379382,39841,120459
379882,39843,120465
380382,39841,120459
380882,39839,120454
381382,39841,120459
381882,39841,120459
382382,39838,120451
382882,39838,120451
383382,39837,120447
383882,39836,120444
384382,39841,120459
384882,39842,120462
385382,39842,120462
385882,39841,120459
386382,39842,120462
386882,39839,120454
387382,39840,120457
387883,39841,120459
388382,39842,120462
388882,39840,120457
389382,39837,120447
389882,39839,120454
390382,39842,120462
390882,39840,120457
391382,39843,120465
391882,39840,120457
392382,39840,120457
392882,39839,120454
393382,39842,120462
393882,39842,120462
394382,39841,120459
394882,39842,120462
395382,39844,120468
395882,39848,120480
396382,39846,120474
396882,39846,120474
397382,39847,120477
397882,39846,120474
398382,39845,120471
398882,39846,120474
399382,39845,120471
399882,39845,120471
400382,39845,120471
400882,39846,120474
401382,39846,120474
401882,39846,120474
402382,39844,120468
402882,39843,120465
403382,39844,120468
403883,39845,120471
404382,39844,120468
404882,39841,120459
405382,39843,120465
405882,39841,120459
406382,39846,120474
406882,39844,120468
407382,39842,120462
407882,39841,120459
408382,39839,120454
408882,39843,120465
409382,39842,120462
409882,39840,120457
410382,39840,120457
410882,39838,120451
411382,39839,120454
411882,39839,120454
412382,39838,120451
412882,39837,120447
413382,39838,120451
413882,39836,120444
414382,39834,120438
414882,39834,120438
415382,39834,120438
415882,39830,120426
416382,39833,120435
416882,39832,120432
417382,39834,120438
417882,39833,120435
418382,39833,120435
418882,39831,120429
419382,39830,120426
419883,39831,120429
420382,39830,120426
420882,39830,120426
421382,39828,120420
421882,39828,120420
422382,39829,120423
422882,39828,120420
423382,39827,120417
423882,39826,120414
424382,39826,120414
424882,39824,120408
425382,39827,120417
425882,39828,120420
426382,39830,120426
426882,39830,120426
427382,39828,120420
427882,39829,120423
428382,39830,120426
428882,39830,120426
429382,39826,120414
429882,39827,120417
430382,39826,120414
430882,39827,120417
431382,39824,120408
431882,39826,120414
432382,39824,120408
432882,39827,120417
433382,39823,120405
433882,39824,120408
434382,39825,120411
434882,39824,120408
435382,39820,120396
435883,39821,120399
436382,39820,120396
436882,39824,120408
437382,39818,120389
437882,39818,120389
438382,39821,120399
438882,39821,120399
439382,39823,120405
439882,39823,120405
440382,39826,120414
440882,39832,120432
441382,39836,120444
441882,39837,120447
442382,39835,120441
442882,39837,120447
443382,39836,120444
443882,39838,120451
444382,39835,120441
444882,39834,120438
445382,39837,120447
445882,39836,120444
446382,39835,120441
446882,39836,120444
447382,39835,120441
447882,39834,120438
448382,39836,120444
448882,39834,120438
449382,39832,120432
449882,39831,120429
450382,39830,120426
450882,39830,120426
451382,39826,120414
451883,39830,120426
452382,39828,120420
452882,39830,120426
453382,39828,120420
453882,39828,120420
454382,39828,120420
454882,39825,120411
455382,39827,120417
455882,39824,120408
456382,39824,120408
456882,39828,120420
457382,39824,120408
457882,39821,120399
458382,39822,120402
458882,39821,120399
459382,39819,120392
459882,39821,120399
460382,39820,120396
460882,39824,120408
461382,39822,120402
461882,39824,120408
462382,39823,120405
462882,39826,120414
463382,39828,120420
463882,39825,120411
464382,39823,120405
464882,39824,120408
465382,39825,120411
465882,39824,120408
466382,39823,120405
466882,39824,120408
467382,39826,120414
467883,39824,120408
468382,39823,120405
468882,39826,120414
469382,39826,120414
469882,39826,120414
470382,39827,120417
470882,39828,120420
471382,39827,120417
471882,39829,120423
472382,39826,120414
472882,39830,120426
473382,39828,120420
473882,39828,120420
474382,39828,120420
474882,39831,120429
475382,39832,120432
475882,39831,120429
476382,39831,120429
476882,39831,120429
477382,39833,120435
477882,39832,120432
478382,39834,120438
478882,39832,120432
479382,39832,120432
479882,39835,120441
480382,39832,120432
480882,39834,120438
481382,39836,120444
481882,39832,120432
482382,39830,120426
482882,39830,120426
483382,39831,120429
483883,39828,120420
484382,39828,120420
484882,39831,120429
485382,39830,120426
485882,39827,120417
486382,39828,120420
486882,39828,120420
487382,39826,120414
487882,39826,120414
488382,39827,120417
488882,39824,120408
489382,39826,120414
489882,39824,120408
490382,39826,120414
490882,39824,120408
491382,39824,120408
491882,39824,120408
492382,39823,120405
492882,39824,120408
493382,39820,120396
493882,39822,120402
494382,39822,120402
494882,39822,120402
495382,39823,120405
495882,39820,120396
496382,39822,120402
496882,39820,120396
497382,39821,120399
497882,39820,120396
498382,39820,120396
498882,39820,120396
499382,39817,120386
499883,39820,120396
500382,39818,120389
500882,39819,120392
501382,39820,120396
501882,39818,120389
502382,39816,120383
502882,39820,120396
503382,39819,120392
503882,39816,120383
504382,39819,120392
504882,39820,120396
505382,39818,120389
505882,39818,120389
506382,39819,120392
506882,39818,120389
507382,39816,120383
507882,39816,120383
508382,39816,120383
508882,39813,120374
509382,39813,120374
509882,39813,120374
510382,39814,120377
510882,39815,120380
511382,39815,120380
511882,39812,120371
512382,39812,120371
512882,39812,120371
513382,39813,120374
513882,39811,120368
514382,39810,120365
514882,39811,120368
515382,39810,120365
515883,39808,120359
516382,39806,120353
516882,39807,120356
517382,39809,120362
517882,39806,120353
518382,39806,120353
518882,39803,120342
519382,39804,120345
519882,39805,120348
520382,39804,120345
520882,39803,120342
521382,39803,120342
521882,39804,120345
522382,39804,120345
522882,39802,120339
523382,39802,120339
523882,39803,120342
524382,39800,120332
524882,39797,120323
525382,39799,120329
525882,39799,120329
526382,39798,120326
526882,39798,120326
527382,39798,120326
527882,39796,120320
528382,39797,120323
528882,39796,120320
529382,39796,120320
529882,39797,120323
530382,39796,120320
530882,39795,120317
531382,39799,120329
531883,39795,120317
532382,39795,120317
532882,39796,120320
533382,39797,120323
533882,39794,120314
534382,39798,120326
534882,39798,120326
535382,39797,120323
535882,39795,120317
536382,39795,120317
536882,39796,120320
537382,39797,120323
537882,39799,120329
538382,39797,120323
538882,39795,120317
539382,39796,120320
539882,39795,120317
540382,39797,120323
540882,39796,120320
541382,39797,120323
541882,39796,120320
542382,39797,120323
542882,39796,120320
543382,39798,120326
543882,39794,120314
544382,39794,120314
544882,39795,120317
545382,39796,120320
545882,39794,120314
546382,39794,120314
546882,39793,120311
547382,39796,120320
547883,39791,120305
548382,39794,120314
548882,39795,120317
549382,39792,120308
549882,39794,120314
550382,39792,120308
550882,39794,120314
551382,39791,120305
551882,39792,120308
552382,39789,120299
552882,39792,120308
553382,39790,120302
553882,39792,120308
554382,39789,120299
554882,39789,120299
555382,39790,120302
555882,39786,120290
556382,39787,120293
556882,39787,120293
557382,39788,120296
557882,39787,120293
558382,39788,120296
558882,39790,120302
559382,39788,120296
559882,39786,120290
560382,39787,120293
560882,39784,120284
561382,39784,120284
561882,39788,120296
562382,39785,120287
562882,39785,120287
563382,39783,120281
563883,39783,120281
564382,39785,120287
564882,39785,120287
565382,39783,120281
565882,39781,120274
566382,39780,120271
566882,39780,120271
567382,39783,120281
567882,39780,120271
568382,39782,120277
568882,39779,120268
569382,39780,120271
569882,39780,120271
570382,39778,120265
570882,39778,120265
571382,39781,120274
571882,39778,120265
572382,39776,120259
572882,39776,120259
573382,39776,120259
573882,39778,120265
574382,39778,120265
574882,39776,120259
575382,39780,120271
575882,39776,120259
576382,39774,120253
576882,39774,120253
577382,39775,120256
577882,39775,120256
578382,39774,120253
578882,39774,120253
579382,39771,120244
579883,39772,120247
580382,39772,120247
580882,39772,120247
581382,39771,120244
581882,39772,120247
582382,39772,120247
582882,39773,120250
583382,39771,120244
583882,39770,120241
584382,39771,120244
584882,39770,120241
585382,39767,120232
585882,39771,120244
586382,39770,120241
586882,39769,120238
587382,39767,120232
587882,39767,120232
588382,39768,120235
588882,39768,120235
589382,39766,120229
589882,39769,120238
590382,39770,120241
590882,39766,120229
591382,39767,120232
591882,39768,120235
592382,39767,120232
592882,39765,120226
593382,39766,120229
593882,39765,120226
594382,39768,120235
594882,39765,120226
595382,39765,120226
595883,39764,120223
596382,39765,120226
596882,39768,120235
597382,39766,120229
597882,39764,120223
598382,39764,120223
598882,39764,120223
599382,39765,120226
599882,39764,120223
600382,39761,120213
600882,39763,120219
601382,39763,120219
601882,39761,120213
602382,39763,120219
602882,39762,120216
603382,39762,120216
603882,39763,120219
604382,39762,120216
604882,39764,120223
605382,39762,120216
605882,39760,120210
606382,39764,120223
606882,39762,120216
607382,39758,120205
607882,39760,120210
608382,39762,120216
608882,39761,120213
609382,39761,120213
609882,39760,120210
610382,39760,120210
610882,39759,120208
611382,39758,120205
611883,39759,120208
612382,39762,120216
612882,39758,120205
613382,39758,120205
613882,39758,120205
614382,39758,120205
614882,39759,120208
615382,39757,120202
615882,39758,120205
616382,39757,120202
616882,39756,120199
617382,39760,120210
617882,39756,120199
618382,39756,120199
618882,39754,120193
619382,39758,120205
619882,39755,120196
620382,39756,120199
620882,39754,120193
621382,39757,120202
621882,39756,120199
622382,39755,120196
622882,39755,120196
623382,39755,120196
623882,39756,120199
624382,39758,120205
624882,39755,120196
625382,39754,120193
625882,39756,120199
626382,39757,120202
626882,39759,120208
627382,39754,120193
627883,39757,120202
628382,39755,120196
628882,39757,120202
629382,39755,120196
629882,39757,120202
630382,39759,120208
630882,39757,120202
631382,39756,120199
631882,39755,120196
632382,39756,120199
632882,39756,120199
633382,39757,120202
633882,39757,120202
634382,39755,120196
634882,39756,120199
635382,39755,120196
635882,39756,120199
636382,39755,120196
636882,39755,120196
637382,39754,120193
637882,39756,120199
638382,39754,120193
638882,39758,120205
639382,39755,120196
639882,39754,120193
640382,39758,120205
640882,39756,120199
641382,39756,120199
641882,39753,120190
642382,39758,120205
642882,39755,120196
643382,39756,120199
643883,39755,120196
644382,39754,120193
644882,39754,120193
645382,39756,120199
645882,39754,120193
646382,39755,120196
646882,39754,120193
647382,39754,120193
647882,39753,120190
648382,39754,120193
648882,39753,120190
649382,39756,120199
649882,39755,120196
650382,39755,120196
650882,39753,120190
651382,39753,120190
651882,39750,120181
652382,39753,120190
652882,39755,120196
653382,39755,120196
653882,39752,120187
654382,39752,120187
654882,39754,120193
655382,39757,120202
655882,39755,120196
656382,39754,120193
656882,39754,120193
657382,39755,120196
657882,39753,120190
658382,39756,120199
658882,39753,120190
659382,39755,120196
659883,39752,120187
660382,39751,120184
660882,39754,120193
661382,39756,120199
661882,39754,120193
662382,39752,120187
662882,39753,120190
663382,39754,120193
663882,39755,120196
664382,39754,120193
664882,39753,120190
665382,39753,120190
665882,39752,120187
666382,39754,120193
666882,39754,120193
667382,39754,120193
667882,39755,120196
668382,39760,120210
668882,39760,120210
669382,39758,120205
669882,39758,120205
670382,39758,120205
670882,39758,120205
671382,39759,120208
671882,39760,120210
672382,39759,120208
672882,39759,120208
673382,39759,120208
673882,39761,120213
674382,39757,120202
674882,39758,120205
675382,39759,120208
675883,39758,120205
676382,39756,120199
676882,39756,120199
677382,39757,120202
677882,39758,120205
678382,39756,120199
678882,39755,120196
679382,39753,120190
679882,39756,120199
680382,39754,120193
680882,39754,120193
681382,39751,120184
681882,39752,120187
682382,39755,120196
682882,39754,120193
683382,39752,120187
683882,39750,120181
684382,39751,120184
684882,39752,120187
685382,39752,120187
685882,39752,120187
686382,39751,120184
686882,39750,120181
687382,39749,120178
687882,39749,120178
688382,39751,120184
688882,39750,120181
689382,39747,120172
689882,39747,120172
690382,39748,120175
690882,39744,120162
691382,39746,120169
691883,39746,120169
692382,39746,120169
692882,39743,120159
693382,39743,120159
693882,39745,120165
694382,39741,120153
694882,39742,120156
695382,39745,120165
695882,39740,120150
696382,39740,120150
696882,39742,120156
697382,39740,120150
697882,39741,120153
698382,39744,120162
698882,39740,120150
699382,39739,120147
699882,39741,120153
700382,39742,120156
700882,39741,120153
701382,39742,120156
701882,39741,120153
702382,39740,120150
702882,39740,120150
703382,39738,120144
703882,39737,120141
704382,39738,120144
704882,39739,120147
705382,39739,120147
705882,39737,120141
706382,39736,120138
706882,39738,120144
707382,39736,120138
707883,39736,120138
708382,39736,120138
708882,39736,120138
709382,39735,120135
709882,39733,120129
710382,39737,120141
710882,39732,120126
711382,39736,120138
711882,39735,120135
712382,39735,120135
712882,39732,120126
713382,39733,120129
713882,39734,120132
714382,39734,120132
714882,39732,120126
715382,39732,120126
715882,39732,120126
716382,39732,120126
716882,39731,120123
717382,39732,120126
717882,39731,120123
718382,39734,120132
718882,39732,120126
719382,39731,120123
719882,39731,120123
720382,39731,120123
720882,39728,120114
721382,39730,120120
721882,39728,120114
722382,39727,120111
722882,39729,120117
723382,39730,120120
723883,39727,120111
724382,39728,120114
724882,39729,120117
725382,39727,120111
725882,39727,120111
726382,39725,120104
726882,39726,120107
727382,39724,120101
727882,39726,120107
728382,39725,120104
728882,39726,120107
729382,39727,120111
729882,39725,120104
730382,39727,120111
730882,39728,120114
731382,39728,120114
731882,39726,120107
732382,39726,120107
732882,39726,120107
733382,39726,120107
733882,39727,120111
734382,39729,120117
734882,39728,120114
735382,39726,120107
735882,39727,120111
736382,39727,120111
736882,39727,120111
737382,39728,120114
737882,39727,120111
738382,39727,120111
738882,39727,120111
739382,39727,120111
739883,39727,120111
740382,39728,120114
740882,39728,120114
741382,39728,120114
741882,39729,120117
742382,39728,120114
742882,39729,120117
743382,39730,120120
743882,39730,120120
744382,39730,120120
744882,39730,120120
745382,39731,120123
745882,39734,120132
746382,39730,120120
746882,39728,120114
747382,39732,120126
747882,39730,120120
748382,39732,120126
748882,39729,120117
749382,39731,120123
749882,39733,120129
750382,39731,120123
750882,39729,120117
751382,39732,120126
751882,39732,120126
752382,39732,120126
752882,39731,120123
753382,39731,120123
753882,39733,120129
754382,39731,120123
754882,39732,120126
755382,39732,120126
755883,39730,120120
756382,39732,120126
756882,39730,120120
757382,39726,120107
757882,39729,120117
758382,39726,120107
758882,39728,120114
759382,39730,120120
759882,39730,120120
760382,39728,120114
760882,39728,120114
761382,39726,120107
761882,39725,120104
762382,39725,120104
762882,39726,120107
763382,39728,120114
763882,39726,120107
764382,39725,120104
764882,39725,120104
765382,39724,120101
765882,39723,120098
766382,39724,120101
766882,39725,120104
767382,39722,120095
767882,39723,120098
768382,39725,120104
768882,39722,120095
769382,39720,120087
769882,39722,120095
770382,39722,120095
770882,39719,120084
771382,39721,120090
771883,39722,120095
772382,39719,120084
772882,39721,120090
773382,39716,120075
773882,39719,120084
774382,39720,120087
774882,39720,120087
775382,39720,120087
775882,39719,120084
776382,39718,120081
776882,39717,120078
777382,39719,120084
777882,39718,120081
778382,39717,120078
778882,39715,120072
779382,39716,120075
779882,39717,120078
780382,39718,120081
780882,39717,120078
781382,39716,120075
781882,39716,120075
782382,39716,120075
782882,39716,120075
783382,39717,120078
783882,39715,120072
784382,39714,120069
784882,39714,120069
785382,39713,120066
785882,39714,120069
786382,39714,120069
786882,39714,120069
787382,39715,120072
787883,39714,120069
788382,39712,120063
788882,39712,120063
789382,39712,120063
789882,39711,120060
790382,39711,120060
790882,39713,120066
791382,39712,120063
791882,39710,120057
792382,39710,120057
792882,39707,120047
793382,39712,120063
793882,39711,120060
794382,39710,120057
794882,39710,120057
795382,39707,120047
795882,39709,120054
796382,39711,120060
796882,39710,120057
797382,39709,120054
797882,39710,120057
798382,39709,120054
798882,39709,120054
799382,39706,120044
799882,39708,120050
800382,39710,120057
800882,39704,120038
801382,39707,120047
801882,39708,120050
802382,39706,120044
802882,39710,120057
803382,39709,120054
803883,39706,120044
804382,39706,120044
804882,39706,120044
805382,39704,120038
805882,39701,120029
806382,39704,120038
806882,39704,120038
807382,39703,120035
807882,39704,120038
808382,39705,120041
808882,39703,120035
809382,39701,120029
809882,39705,120041
810382,39702,120032
810882,39703,120035
811382,39702,120032
811882,39702,120032
812382,39701,120029
812882,39700,120026
813382,39700,120026
813882,39701,120029
814382,39701,120029
814882,39701,120029
815382,39701,120029
815882,39700,120026
816382,39701,120029
816882,39702,120032
817382,39700,120026
817882,39700,120026
818382,39700,120026
818882,39700,120026
819382,39700,120026
819883,39697,120017
820382,39697,120017
820882,39699,120023
821382,39698,120020
821882,39698,120020
822382,39700,120026
822882,39698,120020
823382,39698,120020
823882,39696,120014
824382,39698,120020
824882,39696,120014
825382,39697,120017
825882,39696,120014
826382,39696,120014
826882,39696,120014
827382,39698,120020
827882,39696,120014
828382,39697,120017
828882,39696,120014
829382,39698,120020
829882,39695,120011
830382,39696,120014
830882,39698,120020
831382,39694,120008
831882,39695,120011
832382,39695,120011
832882,39694,120008
833382,39695,120011
833882,39697,120017
834382,39696,120014
834882,39694,120008
835382,39695,120011
835883,39697,120017
836382,39696,120014
836882,39696,120014
837382,39693,120005
837882,39696,120014
838382,39695,120011
838882,39693,120005
839382,39693,120005
839882,39694,120008
840382,39695,120011
840882,39693,120005
841382,39695,120011
841882,39692,120002
842382,39695,120011
842882,39691,119999
843382,39694,120008
843882,39692,120002
844382,39691,119999
844882,39691,119999
845382,39693,120005
845882,39691,119999
846382,39692,120002
846882,39689,119992
847382,39690,119996
847882,39692,120002
848382,39692,120002
848882,39693,120005
849382,39689,119992
849882,39690,119996
850382,39690,119996
850882,39691,119999
851382,39689,119992
851883,39691,119999
852382,39690,119996
852882,39687,119986
853382,39689,119992
853882,39690,119996
854382,39687,119986
854882,39688,119989
855382,39688,119989
855882,39686,119983
856382,39687,119986
856882,39685,119980
857382,39688,119989
857882,39688,119989
858382,39688,119989
858882,39686,119983
859382,39686,119983
859882,39687,119986
860382,39688,119989
860882,39685,119980
861382,39686,119983
861882,39686,119983
862382,39684,119977
862882,39686,119983
863382,39686,119983
863882,39683,119974
864382,39684,119977
864882,39687,119986
865382,39683,119974
865882,39683,119974
866382,39682,119971
866882,39683,119974
867382,39684,119977
867883,39685,119980
868382,39683,119974
868882,39681,119968
869382,39683,119974
869882,39684,119977
870382,39683,119974
870882,39686,119983
871382,39682,119971
871882,39681,119968
872382,39681,119968
872882,39684,119977
873382,39683,119974
873882,39680,119966
874382,39682,119971
874882,39681,119968
875382,39682,119971
875882,39682,119971
876382,39682,119971
876882,39683,119974
877382,39682,119971
877882,39683,119974
878382,39682,119971
878882,39681,119968
879382,39681,119968
879882,39682,119971
880382,39682,119971
880882,39680,119966
881382,39681,119968
881882,39681,119968
882382,39680,119966
882882,39677,119957
883382,39680,119966
883883,39680,119966
884382,39678,119960
884882,39676,119954
885382,39681,119968
885882,39678,119960
886382,39677,119957
886882,39680,119966
887382,39677,119957
887882,39682,119971
888382,39681,119968
888882,39680,119966
889382,39680,119966
889882,39677,119957
890382,39679,119963
890882,39680,119966
891382,39676,119954
891882,39678,119960
892382,39678,119960
892882,39679,119963
893382,39676,119954
893882,39678,119960
894382,39676,119954
894882,39676,119954
895382,39675,119951
895882,39676,119954
896382,39676,119954
896882,39679,119963
897382,39676,119954
897882,39677,119957
898382,39674,119948
898882,39676,119954
899382,39677,119957
899883,39676,119954
900382,39673,119945
900882,39678,119960
901382,39673,119945
901882,39675,119951
902382,39673,119945
902882,39674,119948
903382,39673,119945
903882,39674,119948
904382,39672,119942
904882,39675,119951
905382,39674,119948
905882,39672,119942
906382,39674,119948
906882,39671,119938
907382,39671,119938
907882,39672,119942
908382,39674,119948
908882,39670,119935
909382,39672,119942
909882,39670,119935
910382,39670,119935
910882,39673,119945
911382,39671,119938
911882,39671,119938
912382,39671,119938
912882,39672,119942
913382,39669,119932
913882,39670,119935
914382,39670,119935
914882,39671,119938
915382,39670,119935
915883,39669,119932
916382,39668,119929
916882,39670,119935
917382,39667,119926
917882,39668,119929
918382,39670,119935
918882,39667,119926
919382,39669,119932
919882,39668,119929
920382,39671,119938
920882,39670,119935
921382,39670,119935
921882,39666,119923
922382,39665,119920
922882,39669,119932
923382,39666,119923
923882,39666,119923
924382,39670,119935
924882,39666,119923
925382,39668,119929
925882,39667,119926
926382,39667,119926
926882,39666,119923
927382,39666,119923
927882,39668,119929
928382,39668,119929
928882,39667,119926
929382,39665,119920
929882,39664,119917
930382,39666,119923
930882,39667,119926
931382,39665,119920
931883,39666,119923
932382,39665,119920
932882,39666,119923
933382,39665,119920
933882,39666,119923
934382,39664,119917
934882,39665,119920
935382,39666,119923
935882,39665,119920
936382,39664,119917
936882,39664,119917
937382,39667,119926
937882,39664,119917
938382,39665,119920
938882,39662,119911
939382,39663,119914
939882,39663,119914
940382,39663,119914
940882,39662,119911
941382,39662,119911
941882,39660,119905
942382,39663,119914
942882,39661,119908
943382,39663,119914
943882,39664,119917
944382,39663,119914
944882,39663,119914
945382,39664,119917
945882,39659,119902
946382,39659,119902
946882,39661,119908
947382,39662,119911
947883,39661,119908
948382,39660,119905
948882,39660,119905
949382,39661,119908
949882,39659,119902
950382,39659,119902
950882,39659,119902
951382,39658,119899
951882,39660,119905
952382,39660,119905
952882,39660,119905
953382,39660,119905
953882,39660,119905
954382,39657,119896
954882,39660,119905
955382,39657,119896
955882,39659,119902
956382,39658,119899
956882,39657,119896
957382,39657,119896
957882,39658,119899
958382,39658,119899
958882,39658,119899
959382,39655,119890
959882,39657,119896
960382,39655,119890
960882,39656,119893
961382,39656,119893
961882,39654,119887
962382,39655,119890
962882,39657,119896
963382,39656,119893
963883,39655,119890
964382,39656,119893
964882,39655,119890
965382,39656,119893
965882,39653,119884
966382,39654,119887
966882,39654,119887
967382,39656,119893
967882,39655,119890
968382,39655,119890
968882,39657,119896
969382,39656,119893
969882,39653,119884
970382,39655,119890
970882,39654,119887
971382,39655,119890
971882,39654,119887
972382,39654,119887
972882,39656,119893
973382,39656,119893
973882,39658,119899
974382,39655,119890
974882,39653,119884
975382,39656,119893
975882,39654,119887
976382,39655,119890
976882,39654,119887
977382,39654,119887
977882,39655,119890
978382,39654,119887
978882,39656,119893
979382,39652,119880
979883,39654,119887
980382,39652,119880
980882,39650,119874
981382,39652,119880
981882,39652,119880
982382,39650,119874
982882,39652,119880
983382,39652,119880
983882,39653,119884
984382,39654,119887
984882,39652,119880
985382,39652,119880
985882,39651,119877
986382,39650,119874
986882,39649,119871
987382,39652,119880
987882,39653,119884
988382,39652,119880
988882,39650,119874
989382,39651,119877
989882,39652,119880
990382,39651,119877
990882,39649,119871
991382,39650,119874
991882,39649,119871
992382,39649,119871
992882,39649,119871
993382,39651,119877
993882,39650,119874
994382,39650,119874
994882,39650,119874
995382,39647,119865
995883,39647,119865
996382,39648,119868
996882,39647,119865
997382,39644,119856
997882,39648,119868
998382,39647,119865
998882,39649,119871
999382,39648,119868
999882,39648,119868
1000382,39646,119862
1000882,39649,119871
1001382,39646,119862
1001882,39646,119862
1002382,39648,119868
1002882,39645,119859
1003382,39648,119868
1003882,39646,119862
1004382,39645,119859
1004882,39645,119859
1005382,39645,119859
1005882,39646,119862
1006382,39645,119859
1006882,39648,119868
1007382,39646,119862
1007882,39644,119856
1008382,39647,119865
1008882,39644,119856
1009382,39645,119859
1009882,39646,119862
1010382,39644,119856
1010882,39645,119859
1011382,39646,119862
1011883,39644,119856
1012382,39646,119862
1012882,39645,119859
1013382,39644,119856
1013882,39644,119856
1014382,39645,119859
1014882,39644,119856
1015382,39643,119853
1015882,39645,119859
1016382,39643,119853
1016882,39644,119856
1017382,39644,119856
1017882,39642,119850
1018382,39642,119850
1018882,39643,119853
1019382,39642,119850
1019882,39642,119850
1020382,39642,119850
1020882,39642,119850
1021382,39642,119850
1021882,39640,119844
1022382,39642,119850
1022882,39641,119847
1023382,39642,119850
1023882,39641,119847
1024382,39640,119844
1024882,39641,119847
1025382,39639,119841
1025882,39640,119844
1026382,39642,119850
1026882,39641,119847
1027382,39640,119844
1027883,39640,119844
1028382,39640,119844
1028882,39640,119844
1029382,39640,119844
1029882,39639,119841
1030382,39640,119844
1030882,39640,119844
1031382,39640,119844
1031882,39639,119841
1032382,39640,119844
1032882,39640,119844
1033382,39640,119844
1033882,39638,119838
1034382,39636,119830
1034882,39639,119841
1035382,39636,119830
1035882,39638,119838
1036382,39637,119833
1036882,39637,119833
1037382,39638,119838
1037882,39638,119838
1038382,39638,119838
1038882,39635,119827
1039382,39637,119833
1039882,39639,119841
1040382,39638,119838
1040882,39639,119841
1041382,39635,119827
1041882,39635,119827
1042382,39638,119838
1042882,39636,119830
1043382,39634,119823
1043883,39637,119833
1044382,39634,119823
1044882,39634,119823
1045382,39635,119827
1045882,39635,119827
1046382,39637,119833
1046882,39636,119830
1047382,39636,119830
1047882,39634,119823
1048382,39635,119827
1048882,39633,119820
1049382,39635,119827
1049882,39635,119827
1050382,39635,119827
1050882,39632,119817
1051382,39633,119820
1051882,39635,119827
1052382,39634,119823
1052882,39633,119820
1053382,39633,119820
1053882,39632,119817
1054382,39631,119814
1054882,39634,119823
1055382,39633,119820
1055882,39636,119830
1056382,39634,119823
1056882,39636,119830
1057382,39632,119817
1057882,39632,119817
1058382,39633,119820
1058882,39632,119817
1059382,39633,119820
1059883,39630,119811
1060382,39631,119814
1060882,39632,119817
1061382,39632,119817
1061882,39631,119814
1062382,39633,119820
1062882,39630,119811
1063382,39631,119814
1063882,39630,119811
1064382,39631,119814
1064882,39629,119808
1065382,39632,119817
1065882,39633,119820
1066382,39632,119817
1066882,39627,119802
1067382,39632,119817
1067882,39630,119811
1068382,39630,119811
1068882,39629,119808
1069382,39632,119817
1069882,39626,119799
1070382,39628,119805
1070882,39630,119811
1071382,39628,119805
1071882,39628,119805
1072382,39630,119811
1072882,39629,119808
1073382,39632,119817
1073882,39629,119808
1074382,39630,119811
1074882,39632,119817
1075382,39626,119799
1075883,39629,119808
1076382,39630,119811
1076882,39626,119799
1077382,39628,119805
1077882,39630,119811
1078382,39629,119808
1078882,39627,119802
1079382,39628,119805
1079882,39625,119796
1080382,39624,119793
1080882,39627,119802
1081382,39626,119799
1081882,39627,119802
1082382,39623,119790
1082882,39628,119805
1083382,39626,119799
1083882,39629,119808
1084382,39626,119799
1084882,39628,119805
1085382,39627,119802
1085882,39626,119799
1086382,39626,119799
1086882,39625,119796
1087382,39625,119796
1087882,39624,119793
1088382,39627,119802
1088882,39625,119796
1089382,39623,119790
1089882,39626,119799
1090382,39625,119796
1090882,39624,119793
1091382,39626,119799
1091883,39626,119799
1092382,39625,119796
1092882,39624,119793
1093382,39624,119793
1093882,39625,119796
1094382,39622,119787
1094882,39626,119799
1095382,39624,119793
1095882,39623,119790
1096382,39624,119793
1096882,39622,119787
1097382,39624,119793
1097882,39624,119793
1098382,39622,119787
1098882,39622,119787
1099382,39622,119787
1099882,39621,119784
1100382,39621,119784
1100882,39622,119787
1101382,39620,119781
1101882,39623,119790
1102382,39620,119781
1102882,39622,119787
1103382,39623,119790
1103882,39621,119784
1104382,39620,119781
1104882,39622,119787
1105382,39618,119775
1105882,39620,119781
1106382,39622,119787
1106882,39620,119781
1107382,39620,119781
1107883,39620,119781
1108382,39616,119769
1108882,39618,119775
1109382,39619,119778
1109882,39617,119772
1110382,39617,119772
1110882,39620,119781
1111382,39619,119778
1111882,39618,119775
1112382,39617,119772
1112882,39616,119769
1113382,39616,119769
1113882,39620,119781
1114382,39618,119775
1114882,39618,119775
1115382,39620,119781
1115882,39620,119781
1116382,39620,119781
1116882,39616,119769
1117382,39616,119769
1117882,39616,119769
1118382,39618,119775
1118882,39614,119762
1119382,39614,119762
1119882,39615,119765
1120382,39616,119769
1120882,39616,119769
1121382,39616,119769
1121891,39616,119769
1122382,39618,119775
1122882,39616,119769
1123382,39616,119769
1123883,39614,119762
1124382,39616,119769
1124882,39616,119769
1125382,39616,119769
1125882,39614,119762
1126382,39614,119762
1126882,39613,119759
1127382,39614,119762
1127882,39613,119759
1128382,39614,119762
1128882,39614,119762
1129382,39612,119756
1129882,39615,119765
1130382,39612,119756
1130882,39615,119765
1131382,39611,119753
1131882,39613,119759
1132382,39611,119753
1132882,39614,119762
1133382,39611,119753
1133882,39611,119753
1134382,39611,119753
1134882,39613,119759
1135382,39609,119747
1135882,39609,119747
1136382,39611,119753
1136882,39607,119741
1137382,39609,119747
1137882,39610,119750
1138382,39610,119750
1138882,39610,119750
1139382,39610,119750
1139883,39609,119747
1140382,39610,119750
1140882,39610,119750
1141382,39610,119750
1141882,39609,119747
1142382,39610,119750
1142882,39612,119756
1143382,39612,119756
1143882,39609,119747
1144382,39608,119744
1144882,39611,119753
1145382,39610,119750
1145882,39610,119750
1146382,39610,119750
1146882,39610,119750
1147382,39610,119750
1147882,39612,119756
1148382,39608,119744
1148882,39610,119750
1149382,39612,119756
1149882,39612,119756
1150382,39613,119759
1150882,39614,119762
1151382,39616,119769
1151882,39617,119772
1152382,39618,119775
1152882,39619,119778
1153382,39621,119784
1153882,39619,119778
1154382,39620,119781
1154882,39621,119784
1155382,39621,119784
1155883,39622,119787
1156382,39624,119793
1156882,39623,119790
1157382,39622,119787
1157882,39624,119793
1158382,39624,119793
1158882,39623,119790
1159382,39626,119799
1159882,39624,119793
1160382,39624,119793
1160882,39626,119799
1161382,39624,119793
1161882,39628,119805
1162382,39627,119802
1162882,39627,119802
1163382,39622,119787
1163882,39622,119787
1164382,39622,119787
1164882,39623,119790
1165382,39621,119784
1165882,39624,119793
1166382,39622,119787
1166882,39622,119787
1167382,39625,119796
1167882,39623,119790
1168382,39622,119787
1168882,39621,119784
1169382,39621,119784
1169882,39619,119778
1170382,39623,119790
1170882,39621,119784
1171382,39623,119790
1171883,39622,119787
1172382,39620,119781
1172882,39621,119784
1173382,39624,119793
1173882,39621,119784
1174382,39623,119790
1174882,39621,119784
1175382,39621,119784
1175882,39621,119784
1176382,39622,119787
1176882,39623,119790
1177382,39619,119778
1177882,39619,119778
1178382,39622,119787
1178882,39622,119787
1179382,39623,119790
1179882,39624,119793
1180382,39623,119790
1180882,39622,119787
1181382,39622,119787
1181882,39624,119793
1182382,39622,119787
1182882,39624,119793
1183382,39625,119796
1183882,39622,119787
1184382,39624,119793
1184882,39624,119793
1185382,39625,119796
1185882,39625,119796
1186382,39627,119802
1186882,39623,119790
1187382,39623,119790
1187883,39623,119790
1188382,39624,119793
1188882,39620,119781
1189382,39621,119784
1189882,39624,119793
1190382,39623,119790
1190882,39622,119787
1191382,39624,119793
1191882,39624,119793
1192382,39624,119793
1192882,39623,119790
1193382,39622,119787
1193882,39622,119787
1194382,39622,119787
1194882,39622,119787
1195382,39621,119784
1195882,39622,119787
1196382,39620,119781
1196882,39620,119781
1197382,39623,119790
1197882,39621,119784
1198382,39621,119784
1198882,39623,119790
1199382,39619,119778
1199882,39621,119784
1200382,39622,119787
1200882,39622,119787
1201382,39622,119787
1201882,39622,119787
1202382,39619,119778
1202882,39620,119781
1203382,39620,119781
1203883,39619,119778
1204382,39619,119778
1204882,39619,119778
1205382,39618,119775
1205882,39618,119775
1206382,39620,119781
1206882,39618,119775
1207382,39616,119769
1207882,39617,119772
1208382,39620,119781
1208882,39618,119775
1209382,39619,119778
1209882,39620,119781
1210382,39620,119781
1210882,39620,119781
1211382,39618,119775
1211882,39618,119775
1212382,39620,119781
1212882,39620,119781
1213382,39620,119781
1213882,39622,119787
1214382,39620,119781
1214882,39621,119784
1215382,39623,119790
1215882,39625,119796
1216382,39624,119793
1216882,39624,119793
1217382,39623,119790
1217882,39625,119796
1218382,39625,119796
1218882,39628,119805
1219382,39626,119799
1219883,39624,119793
1220382,39624,119793
1220882,39626,119799
1221382,39626,119799
1221882,39628,119805
1222382,39628,119805
1222882,39628,119805
1223382,39627,119802
1223882,39628,119805
1224382,39628,119805
1224882,39627,119802
1225382,39624,119793
1225882,39625,119796
1226382,39628,119805
1226882,39627,119802
1227382,39624,119793
1227882,39625,119796
1228382,39625,119796
1228882,39624,119793
1229382,39627,119802
1229882,39626,119799
1230382,39626,119799
1230882,39628,119805
1231382,39623,119790
1231882,39626,119799
1232382,39624,119793
1232882,39628,119805
1233382,39627,119802
1233882,39626,119799
1234382,39626,119799
1234882,39629,119808
1235382,39631,119814
1235883,39628,119805
1236382,39630,119811
1236882,39630,119811
1237382,39630,119811
1237882,39629,119808
1238382,39628,119805
1238882,39630,119811
1239382,39632,119817
1239882,39631,119814
1240382,39632,119817
1240882,39631,119814
1241382,39630,119811
1241882,39628,119805
1242382,39630,119811
1242882,39626,119799
1243382,39629,119808
1243882,39624,119793
1244382,39626,119799
1244882,39628,119805
1245382,39626,119799
1245882,39627,119802
1246382,39628,119805
1246882,39629,119808
1247382,39627,119802
1247882,39626,119799
1248382,39626,119799
1248882,39624,119793
1249382,39624,119793
1249882,39625,119796
1250382,39624,119793
1250882,39628,119805
1251382,39626,119799
1251883,39624,119793
1252382,39625,119796
1252882,39625,119796
1253382,39623,119790
1253882,39624,119793
1254382,39625,119796
1254882,39627,119802
1255382,39626,119799
1255882,39624,119793
1256382,39628,119805
1256882,39627,119802
1257382,39627,119802
1257882,39627,119802
1258382,39627,119802
1258882,39626,119799
1259382,39623,119790
1259882,39626,119799
1260382,39626,119799
1260882,39625,119796
1261382,39627,119802
1261882,39626,119799
1262382,39628,119805
1262882,39625,119796
1263382,39626,119799
1263882,39630,119811
1264382,39628,119805
1264882,39628,119805
1265382,39627,119802
1265882,39626,119799
1266382,39627,119802
1266882,39626,119799
1267382,39626,119799
1267883,39628,119805
1268382,39626,119799
1268882,39627,119802
1269382,39626,119799
1269882,39624,119793
1270382,39628,119805
1270882,39626,119799
1271382,39624,119793
1271882,39624,119793
1272382,39627,119802
1272882,39625,119796
1273382,39623,119790
1273882,39624,119793
1274382,39623,119790
1274882,39623,119790
1275382,39622,119787
1275882,39622,119787
1276382,39624,119793
1276882,39625,119796
1277382,39624,119793
1277882,39625,119796
1278382,39626,119799
1278882,39626,119799
1279382,39627,119802
1279882,39627,119802
1280382,39625,119796
1280882,39626,119799
1281382,39627,119802
1281882,39626,119799
1282382,39624,119793
1282882,39628,119805
1283382,39626,119799
1283883,39627,119802
1284382,39626,119799
1284882,39626,119799
1285382,39626,119799
1285882,39626,119799
1286382,39624,119793
1286882,39627,119802
1287382,39623,119790
1287882,39625,119796
1288382,39623,119790
1288882,39628,119805
1289382,39627,119802
1289882,39623,119790
1290382,39625,119796
1290882,39625,119796
1291382,39626,119799
1291882,39626,119799
1292382,39622,119787
1292882,39625,119796
1293382,39624,119793
1293882,39624,119793
1294382,39622,119787
1294882,39625,119796
1295382,39623,119790
1295882,39624,119793
1296382,39621,119784
1296882,39621,119784
1297382,39620,119781
1297882,39620,119781
1298382,39620,119781
1298882,39621,119784
1299382,39622,119787
1299883,39621,119784
1300382,39622,119787
1300882,39620,119781
1301382,39621,119784
1301882,39621,119784
1302382,39620,119781
1302882,39619,119778
1303382,39618,119775
1303882,39621,119784
1304382,39619,119778
1304882,39616,119769
1305382,39618,119775
1305882,39619,119778
1306382,39619,119778
1306882,39618,119775
1307382,39618,119775
1307882,39614,119762
1308382,39618,119775
1308882,39618,119775
1309382,39618,119775
1309882,39615,119765
1310382,39615,119765
1310882,39618,119775
1311382,39616,119769
1311882,39614,119762
1312382,39615,119765
1312882,39613,119759
1313382,39615,119765
1313882,39616,119769
1314382,39616,119769
1314882,39615,119765
1315382,39614,119762
1315883,39613,119759
1316382,39612,119756
1316882,39616,119769
1317382,39614,119762
1317882,39614,119762
1318382,39615,119765
1318882,39612,119756
1319382,39614,119762
1319882,39612,119756
1320382,39615,119765
1320882,39614,119762
1321382,39615,119765
1321882,39616,119769
1322382,39612,119756
1322882,39615,119765
1323382,39613,119759
1323882,39613,119759
1324382,39614,119762
1324882,39612,119756
1325382,39612,119756
1325882,39612,119756
1326382,39614,119762
1326882,39612,119756
1327382,39610,119750
1327882,39613,119759
1328382,39612,119756
1328882,39611,119753
1329382,39613,119759
1329882,39612,119756
1330382,39610,119750
1330882,39611,119753
1331382,39612,119756
1331883,39611,119753
1332382,39613,119759
1332882,39610,119750
1333382,39610,119750
1333882,39610,119750
1334382,39610,119750
1334882,39612,119756
1335382,39611,119753
1335882,39611,119753
1336382,39612,119756
1336882,39610,119750
1337382,39610,119750
1337882,39608,119744
1338382,39611,119753
1338882,39611,119753
1339382,39612,119756
1339882,39611,119753
1340382,39610,119750
1340882,39608,119744
1341382,39611,119753
1341882,39610,119750
1342382,39610,119750
1342882,39610,119750
1343382,39608,119744
1343882,39609,119747
1344382,39610,119750
1344882,39612,119756
1345382,39610,119750
1345882,39609,119747
1346382,39608,119744
1346882,39608,119744
1347382,39611,119753
1347883,39610,119750
1348382,39609,119747
1348882,39612,119756
1349382,39607,119741
1349882,39608,119744
1350382,39607,119741
1350882,39608,119744
1351382,39607,119741
1351882,39609,119747
1352382,39609,119747
1352882,39608,119744
1353382,39608,119744
1353882,39606,119738
1354382,39610,119750
1354882,39610,119750
1355382,39606,119738
1355882,39610,119750
1356382,39610,119750
1356882,39607,119741
1357382,39607,119741
1357882,39607,119741
1358382,39608,119744
1358882,39610,119750
1359382,39607,119741
1359882,39605,119735
1360382,39607,119741
1360882,39606,119738
1361382,39609,119747
1361882,39609,119747
1362382,39606,119738
1362882,39608,119744
1363382,39609,119747
1363883,39610,119750
1364382,39607,119741
1364882,39608,119744
1365382,39607,119741
1365882,39606,119738
1366382,39606,119738
1366882,39608,119744
1367382,39606,119738
1367882,39606,119738
1368382,39606,119738
1368882,39607,119741
1369382,39607,119741
1369882,39607,119741
1370382,39608,119744
1370882,39605,119735
1371382,39607,119741
1371882,39608,119744
1372382,39604,119732
1372882,39606,119738
1373382,39606,119738
1373882,39606,119738
1374382,39607,119741
1374882,39603,119729
1375382,39605,119735
1375882,39606,119738
1376382,39603,119729
1376882,39604,119732
1377382,39606,119738
1377882,39608,119744
1378382,39604,119732
1378882,39602,119726
1379382,39604,119732
1379883,39602,119726
1380382,39604,119732
1380882,39605,119735
1381382,39605,119735
1381882,39604,119732
1382382,39605,119735
1382882,39603,119729
1383382,39603,119729
1383882,39605,119735
1384382,39605,119735
1384882,39606,119738
1385382,39604,119732
1385882,39607,119741
1386382,39607,119741
1386882,39606,119738
1387382,39607,119741
1387882,39604,119732
1388382,39604,119732
1388882,39604,119732
1389382,39603,119729
1389882,39605,119735
1390382,39603,119729
1390882,39607,119741
1391382,39603,119729
1391882,39606,119738
1392382,39605,119735
1392882,39604,119732
1393382,39602,119726
1393882,39604,119732
1394382,39604,119732
1394882,39602,119726
1395382,39604,119732
1395883,39602,119726
1396382,39605,119735
1396882,39606,119738
1397382,39601,119723
1397882,39603,119729
1398382,39604,119732
1398882,39601,119723
1399382,39604,119732
1399882,39603,119729
1400382,39604,119732
1400882,39605,119735
1401382,39605,119735
1401882,39605,119735
1402382,39608,119744
1402882,39609,119747
1403382,39608,119744
1403882,39610,119750
1404382,39609,119747
1404882,39608,119744
1405382,39610,119750
1405882,39612,119756
1406382,39613,119759
1406882,39614,119762
1407382,39615,119765
1407882,39612,119756
1408382,39614,119762
1408882,39610,119750
1409382,39614,119762
1409882,39615,119765
1410382,39614,119762
1410882,39614,119762
1411382,39615,119765
1411883,39614,119762
1412382,39614,119762
1412882,39616,119769
1413382,39614,119762
1413882,39612,119756
1414382,39615,119765
1414882,39612,119756
1415382,39614,119762
1415882,39613,119759
1416382,39613,119759
1416882,39615,119765
1417382,39614,119762
1417882,39614,119762
1418382,39615,119765
1418882,39613,119759
1419382,39614,119762
1419882,39616,119769
1420382,39615,119765
1420882,39614,119762
1421382,39615,119765
1421882,39612,119756
1422382,39613,119759
1422882,39613,119759
1423382,39616,119769
1423882,39616,119769
1424382,39616,119769
1424882,39615,119765
1425382,39614,119762
1425882,39614,119762
1426382,39614,119762
1426882,39615,119765
1427382,39613,119759
1427883,39614,119762
1428382,39614,119762
1428882,39614,119762
1429382,39613,119759
1429882,39613,119759
1430382,39614,119762
1430882,39614,119762
1431382,39612,119756
1431882,39612,119756
1432382,39614,119762
1432882,39613,119759
1433382,39612,119756
1433882,39612,119756
1434382,39613,119759
1434882,39614,119762
1435382,39612,119756
1435882,39613,119759
1436382,39612,119756
1436882,39613,119759
1437382,39609,119747
1437882,39610,119750
1438382,39614,119762
1438882,39608,119744
1439382,39610,119750
1439882,39608,119744
1440382,39610,119750
1440882,39612,119756
1441382,39608,119744
1441882,39607,119741
1442382,39612,119756
1442882,39612,119756
1443382,39608,119744
1443883,39609,119747
1444382,39611,119753
1444882,39608,119744
1445382,39609,119747
1445882,39608,119744
1446382,39607,119741
1446882,39607,119741
1447382,39612,119756
1447882,39606,119738
1448382,39606,119738
1448882,39608,119744
1449382,39610,119750
1449882,39608,119744
1450382,39608,119744
1450882,39607,119741
1451382,39607,119741
1451882,39607,119741
1452382,39610,119750
1452882,39609,119747
1453382,39608,119744
1453882,39607,119741
1454382,39607,119741
1454882,39606,119738
1455382,39606,119738
1455882,39606,119738
1456382,39606,119738
1456882,39608,119744
1457382,39607,119741
1457882,39606,119738
1458382,39608,119744
1458882,39608,119744
1459382,39605,119735
1459883,39605,119735
1460382,39608,119744
1460882,39604,119732
1461382,39606,119738
1461882,39605,119735
1462382,39607,119741
1462882,39604,119732
1463382,39607,119741
1463882,39607,119741
1464382,39605,119735
1464882,39605,119735
1465382,39603,119729
1465882,39604,119732
1466382,39605,119735
1466882,39605,119735
1467382,39604,119732
1467882,39604,119732
1468382,39604,119732
1468882,39603,119729
1469382,39606,119738
1469882,39602,119726
1470382,39601,119723
1470882,39605,119735
1471382,39606,119738
1471882,39602,119726
1472382,39602,119726
1472882,39604,119732
1473382,39602,119726
1473882,39604,119732
1474382,39603,119729
1474882,39604,119732
1475382,39603,119729
1475883,39604,119732
1476382,39604,119732
1476882,39602,119726
1477382,39600,119720
1477882,39603,119729
1478382,39603,119729
1478882,39601,119723
1479382,39600,119720
1479882,39602,119726
1480382,39603,119729
1480882,39599,119717
1481382,39603,119729
1481882,39602,119726
1482382,39602,119726
1482882,39601,119723
1483382,39600,119720
1483882,39602,119726
1484382,39602,119726
1484882,39602,119726
1485382,39602,119726
1485882,39600,119720
1486382,39604,119732
1486882,39600,119720
1487382,39600,119720
1487882,39601,119723
1488382,39599,119717
1488882,39597,119711
1489382,39600,119720
1489882,39599,119717
1490382,39603,119729
1490882,39598,119715
1491382,39601,119723
1491883,39600,119720
1492382,39597,119711
1492882,39596,119708
1493382,39596,119708
1493882,39600,119720
1494382,39600,119720
1494882,39596,119708
1495382,39598,119715
1495882,39598,119715
1496382,39600,119720
1496882,39599,119717
1497382,39598,119715
1497882,39600,119720
1498382,39600,119720
1498882,39599,119717
1499382,39599,119717
1499882,39596,119708
1500382,39598,119715
1500882,39599,119717
1501382,39599,119717
1501882,39598,119715
1502382,39598,119715
1502882,39598,119715
1503382,39596,119708
1503882,39600,119720
1504382,39598,119715
1504882,39596,119708
1505382,39597,119711
1505882,39596,119708
1506382,39598,119715
1506882,39597,119711
1507382,39598,119715
1507883,39595,119705
1508382,39598,119715
1508882,39597,119711
1509382,39599,119717
1509882,39596,119708
1510382,39597,119711
1510882,39596,119708
1511382,39595,119705
1511882,39595,119705
1512382,39596,119708
1512882,39596,119708
1513382,39596,119708
1513882,39597,119711
1514382,39598,119715
1514882,39595,119705
1515382,39595,119705
1515882,39594,119702
1516382,39595,119705
1516882,39598,119715
1517382,39594,119702
1517882,39595,119705
1518382,39597,119711
1518882,39595,119705
1519382,39595,119705
1519882,39594,119702
1520382,39597,119711
1520882,39592,119696
1521382,39594,119702
1521882,39594,119702
1522382,39595,119705
1522882,39593,119699
1523382,39594,119702
1523883,39592,119696
1524382,39594,119702
1524882,39595,119705
1525382,39592,119696
1525882,39594,119702
1526382,39594,119702
1526882,39593,119699
1527382,39594,119702
1527882,39591,119693
1528382,39594,119702
1528882,39592,119696
1529382,39593,119699
1529882,39593,119699
1530382,39592,119696
1530882,39595,119705
1531382,39592,119696
1531882,39592,119696
1532382,39594,119702
1532882,39592,119696
1533382,39595,119705
1533882,39593,119699
1534382,39593,119699
1534882,39590,119690
1535382,39592,119696
1535882,39592,119696
1536382,39592,119696
1536882,39592,119696
1537382,39590,119690
1537882,39592,119696
1538382,39590,119690
1538882,39590,119690
1539382,39590,119690
1539883,39591,119693
1540382,39590,119690
1540882,39593,119699
1541382,39592,119696
1541882,39590,119690
1542382,39591,119693
1542882,39588,119684
1543382,39590,119690
1543882,39590,119690
1544382,39589,119687
1544882,39590,119690
1545382,39589,119687
1545882,39591,119693
1546382,39589,119687
1546882,39589,119687
1547382,39592,119696
1547882,39589,119687
1548382,39593,119699
1548882,39588,119684
1549382,39589,119687
1549882,39590,119690
1550382,39587,119681
1550882,39590,119690
1551382,39589,119687
1551882,39590,119690
1552382,39589,119687
1552882,39591,119693
1553382,39588,119684
1553882,39587,119681
1554382,39589,119687
1554882,39589,119687
1555382,39590,119690
1555883,39587,119681
1556382,39591,119693
1556882,39587,119681
1557382,39588,119684
1557882,39591,119693
1558382,39587,119681
1558882,39587,119681
1559382,39587,119681
1559882,39588,119684
1560382,39587,119681
1560882,39590,119690
1561382,39586,119678
1561882,39587,119681
1562382,39586,119678
1562882,39586,119678
1563382,39587,119681
1563882,39586,119678
1564382,39585,119675
1564882,39588,119684
1565382,39588,119684
1565882,39584,119672
1566382,39584,119672
1566882,39585,119675
1567382,39586,119678
1567882,39584,119672
1568382,39586,119678
1568882,39587,119681
1569382,39586,119678
1569882,39584,119672
1570382,39584,119672
1570882,39585,119675
1571382,39585,119675
1571883,39582,119666
1572382,39582,119666
1572882,39584,119672
1573382,39585,119675
1573882,39588,119684
1574382,39587,119681
1574882,39588,119684
1575382,39585,119675
1575882,39586,119678
1576382,39586,119678
1576882,39586,119678
1577382,39584,119672
1577882,39584,119672
1578382,39588,119684
1578882,39587,119681
1579382,39584,119672
1579882,39586,119678
1580382,39586,119678
1580882,39583,119669
1581382,39588,119684
1581882,39584,119672
1582382,39584,119672
1582882,39583,119669
1583382,39582,119666
1583882,39585,119675
1584382,39582,119666
1584882,39583,119669
1585382,39584,119672
1585882,39585,119675
1586382,39583,119669
1586882,39584,119672
1587382,39583,119669
1587883,39584,119672
1588382,39584,119672
1588882,39586,119678
1589382,39582,119666
1589882,39585,119675
1590382,39584,119672
1590882,39585,119675
1591382,39584,119672
1591882,39584,119672
1592382,39585,119675
1592882,39584,119672
1593382,39583,119669
1593882,39584,119672
1594382,39584,119672
1594882,39583,119669
1595382,39584,119672
1595882,39578,119653
1596382,39582,119666
1596882,39582,119666
1597382,39582,119666
1597882,39583,119669
1598382,39581,119663
1598882,39582,119666
1599382,39581,119663
1599882,39581,119663
1600382,39580,119660
1600882,39581,119663
1601382,39581,119663
1601882,39580,119660
1602382,39579,119657
1602882,39582,119666
1603382,39578,119653
1603883,39583,119669
1604382,39580,119660
1604882,39580,119660
1605382,39580,119660
1605882,39584,119672
1606382,39583,119669
1606882,39580,119660
1607382,39582,119666
1607882,39580,119660
1608382,39584,119672
1608882,39581,119663
1609382,39580,119660
1609882,39578,119653
1610382,39582,119666
1610882,39578,119653
1611382,39582,119666
1611882,39580,119660
1612382,39577,119650
1612882,39581,119663
1613382,39581,119663
1613882,39579,119657
1614382,39581,119663
1614882,39580,119660
1615382,39582,119666
1615882,39581,119663
1616382,39578,119653
1616882,39580,119660
1617382,39580,119660
1617882,39578,119653
1618382,39579,119657
1618882,39580,119660
1619382,39578,119653
1619883,39581,119663
1620382,39578,119653
1620882,39578,119653
1621382,39580,119660
1621882,39580,119660
1622382,39581,119663
1622882,39575,119644
1623382,39579,119657
1623882,39578,119653
1624382,39578,119653
1624882,39578,119653
1625382,39577,119650
1625882,39577,119650
1626382,39578,119653
1626882,39577,119650
1627382,39576,119647
1627882,39579,119657
1628382,39576,119647
1628882,39576,119647
1629382,39576,119647
1629882,39576,119647
1630382,39577,119650
1630882,39577,119650
1631382,39575,119644
1631882,39577,119650
1632382,39577,119650
1632882,39579,119657
1633382,39577,119650
1633882,39578,119653
1634382,39578,119653
1634882,39576,119647
1635382,39576,119647
1635883,39574,119641
1636382,39577,119650
1636882,39574,119641
1637382,39576,119647
1637882,39575,119644
1638382,39576,119647
1638882,39576,119647
1639382,39574,119641
1639882,39577,119650
1640382,39578,119653
1640882,39576,119647
1641382,39577,119650
1641882,39578,119653
1642382,39577,119650
1642882,39574,119641
1643382,39576,119647
1643882,39576,119647
1644382,39576,119647
1644882,39575,119644
1645382,39576,119647
1645882,39575,119644
1646382,39576,119647
1646882,39577,119650
1647382,39573,119638
1647882,39575,119644
1648382,39574,119641
1648882,39574,119641
1649382,39572,119635
1649882,39574,119641
1650382,39577,119650
1650882,39574,119641
1651382,39575,119644
1651883,39573,119638
1652382,39574,119641
1652882,39574,119641
1653382,39575,119644
1653882,39573,119638
1654382,39574,119641
1654882,39573,119638
1655382,39574,119641
1655882,39575,119644
1656382,39575,119644
1656882,39573,119638
1657382,39573,119638
1657882,39572,119635
1658382,39576,119647
1658882,39575,119644
1659382,39573,119638
1659882,39574,119641
1660382,39575,119644
1660882,39570,119629
1661382,39573,119638
1661882,39576,119647
1662382,39572,119635
1662882,39574,119641
1663382,39574,119641
1663882,39573,119638
1664382,39573,119638
1664882,39572,119635
1665382,39572,119635
1665882,39573,119638
1666382,39571,119632
1666882,39572,119635
1667382,39575,119644
1667883,39571,119632
1668382,39574,119641
1668882,39572,119635
1669382,39572,119635
1669882,39573,119638
1670382,39575,119644
1670882,39572,119635
1671382,39571,119632
1671882,39573,119638
1672382,39572,119635
1672882,39572,119635
1673382,39573,119638
1673882,39572,119635
1674382,39572,119635
1674882,39572,119635
1675382,39572,119635
1675882,39573,119638
1676382,39570,119629
1676882,39569,119626
1677382,39571,119632
1677882,39574,119641
1678382,39572,119635
1678882,39571,119632
1679382,39573,119638
1679882,39572,119635
1680382,39571,119632
1680882,39568,119623
1681382,39574,119641
1681882,39570,119629
1682382,39573,119638
1682882,39571,119632
1683382,39570,119629
1683883,39570,119629
1684382,39572,119635
1684882,39572,119635
1685382,39572,119635
1685882,39571,119632
1686382,39572,119635
1686882,39572,119635
1687382,39570,119629
1687882,39572,119635
1688382,39571,119632
1688882,39572,119635
1689382,39574,119641
1689882,39570,119629
1690382,39571,119632
1690882,39572,119635
1691382,39571,119632
1691882,39574,119641
1692382,39571,119632
1692882,39570,119629
1693382,39572,119635
1693882,39568,119623
1694382,39573,119638
1694882,39573,119638
1695382,39570,119629
1695882,39573,119638
1696382,39572,119635
1696882,39572,119635
1697382,39570,119629
1697882,39572,119635
1698382,39572,119635
1698882,39573,119638
1699382,39572,119635
1699883,39570,119629
1700382,39574,119641
1700882,39572,119635
1701382,39572,119635
1701882,39571,119632
1702382,39573,119638
1702882,39572,119635
1703382,39572,119635
1703882,39574,119641
1704382,39571,119632
1704882,39573,119638
1705382,39572,119635
1705882,39571,119632
1706382,39571,119632
1706882,39572,119635
1707382,39570,119629
1707882,39573,119638
1708382,39572,119635
1708882,39572,119635
1709382,39571,119632
1709882,39573,119638
1710382,39566,119617
1710882,39568,119623
1711382,39568,119623
1711882,39569,119626
1712382,39570,119629
1712882,39569,119626
1713382,39570,119629
1713882,39570,119629
1714382,39567,119620
1714882,39572,119635
1715382,39570,119629
1715883,39571,119632
1716382,39570,119629
1716882,39568,119623
1717382,39568,119623
1717882,39567,119620
1718382,39571,119632
1718882,39572,119635
1719382,39568,119623
1719882,39569,119626
1720382,39570,119629
1720882,39568,119623
1721382,39568,119623
1721882,39569,119626
1722382,39569,119626
1722882,39568,119623
1723382,39568,119623
1723882,39568,119623
1724382,39566,119617
1724882,39567,119620
1725382,39569,119626
1725882,39566,119617
1726382,39568,119623
1726882,39567,119620
1727382,39567,119620
1727882,39569,119626
1728382,39567,119620
1728882,39568,119623
1729382,39567,119620
1729882,39568,119623
1730382,39566,119617
1730882,39565,119614
1731382,39568,119623
1731883,39566,119617
1732382,39566,119617
1732882,39566,119617
1733382,39565,119614
1733882,39564,119611
1734382,39566,119617
1734882,39568,119623
1735382,39563,119608
1735882,39565,119614
1736382,39564,119611
1736882,39567,119620
1737382,39564,119611
1737882,39566,119617
1738382,39569,119626
1738882,39564,119611
1739382,39567,119620
1739882,39568,119623
1740382,39564,119611
1740882,39565,119614
1741382,39565,119614
1741882,39566,119617
1742382,39565,119614
1742882,39565,119614
1743382,39566,119617
1743882,39565,119614
1744382,39564,119611
1744882,39560,119598
1745382,39564,119611
1745882,39561,119602
1746382,39565,119614
1746882,39562,119605
1747382,39564,119611
1747883,39566,119617
1748382,39566,119617
1748882,39563,119608
1749382,39565,119614
1749882,39566,119617
1750382,39567,119620
1750882,39566,119617
1751382,39565,119614
1751882,39564,119611
1752382,39563,119608
1752882,39564,119611
1753382,39518,119469
1753882,39365,118999
1754382,39058,118060
1754882,38654,116822
1755382,38362,115926
1755882,38065,115018
1756382,37770,114113
1756882,37507,113308
1757382,37250,112520
1757882,37027,111837
1758382,36800,111142
1758882,36600,110529
1759382,36395,109903
1759882,36216,109354
1760382,36069,108904
1760882,35902,108392
1761382,35755,107942
1761882,35603,107476
1762382,35522,107227
1762882,35394,106838
1763382,35288,106513
1763883,35180,106181
1764382,35102,105942
1764882,35025,105706
1765382,34955,105494
1765882,34892,105300
1766382,34844,105153
1766882,34806,105037
1767382,34769,104923
1767882,34734,104817
1768382,34701,104716
1768882,34687,104671
1769382,34682,104656
1769882,34679,104647
1770382,34687,104671
1770882,34696,104701
1771382,34660,104590
1771882,34738,104828
1772382,34731,104808
1772882,34761,104898
1773382,34797,105010
1773882,34830,105110
1774382,34833,105119
1774882,34871,105236
1775382,34883,105273
1775882,34918,105379
1776382,34943,105455
1776882,34963,105518
1777382,34976,105557
1777882,35012,105667
1778382,35046,105772
1778882,35064,105827
1779382,35091,105908
1779883,35116,105987
1780382,35146,106078
1780882,35169,106147
1781382,35197,106235
1781882,35225,106319
1782382,35250,106396
1782882,35279,106483
1783382,35307,106571
1783882,35333,106649
1784382,35358,106726
1784882,35383,106804
1785382,35428,106940
1785882,35462,107046
1786382,35488,107125
1786882,35521,107224
1787382,35547,107306
1787882,35580,107406
1788382,35609,107494
1788882,35636,107579
1789382,35662,107657
1789882,35713,107814
1790382,35727,107857
1790882,35761,107959
1791382,35782,108026
1791882,35808,108105
1792382,35839,108199
1792882,35861,108266
1793382,35894,108368
1793882,35916,108435
1794382,35944,108519
1794882,35975,108616
1795382,36003,108701
1795883,36034,108797
1796382,36063,108886
1796882,36087,108958
1797382,36109,109025
1797882,36890,111418
1798382,36168,109206
1798882,36194,109285
1799382,36224,109378
1799882,36252,109464
1800382,36282,109555
1800882,36307,109633
1801382,36342,109739
1801882,36362,109800
1802382,36392,109893
1802882,36420,109978
1803382,36455,110087
1803882,36482,110168
1804382,36513,110262
1804882,36533,110323
1805382,36562,110414
1805882,36607,110550
1806382,36638,110647
1806882,36668,110737
1807382,36700,110834
1807882,36729,110925
1808382,36755,111004
1808882,36778,111073
1809382,36789,111110
1809882,36810,111173
1810382,36886,111406
1810882,36921,111512
1811382,36948,111594
1811883,36984,111705
1812382,36993,111733
1812882,37049,111906
1813382,37087,112021
1813882,37116,112109
1814382,37154,112227
1814882,37180,112305
1815382,37208,112393
1815882,37236,112478
1816382,37270,112581
1816882,37298,112668
1817382,37291,112647
1817882,37354,112838
1818382,37403,112989
1818882,39409,119135
1819382,37454,113144
1819882,38751,117119
1820382,37528,113371
1820882,37556,113458
1821382,37529,113374
1821882,37576,113519
1822382,37671,113810
1822882,37678,113831
1823382,37721,113964
1823882,37773,114121
1824382,37804,114218
1824882,37830,114297
1825382,37864,114400
1825882,37894,114494
1826382,37924,114584
1826882,37958,114688
1827382,37984,114769
1827883,38018,114872
1828382,38048,114966
1828882,38074,115044
1829382,38113,115163
1829882,38138,115242
1830382,38171,115341
1830882,38182,115375
1831382,38220,115492
1831882,38271,115647
1832382,38288,115699
1832882,38300,115737
1833382,38336,115847
1833882,38396,116032
1834382,38428,116128
1834882,38458,116220
1835382,38440,116165
1835882,38539,116468
1836382,38511,116383
1836882,38590,116625
1837382,38625,116731
1837882,38648,116803
1838382,38676,116889
1838882,38682,116907
1839382,38731,117058
1839882,38780,117206
1840382,38811,117303
1840882,38840,117392
1841382,38882,117519
1841882,38890,117545
1842382,38938,117691
1842882,38926,117654
1843382,39004,117893
1843883,39045,118019
1844382,39086,118145
1844882,39112,118224
1845382,39141,118315
1845882,39178,118427
1846382,39202,118500
1846882,39240,118617
1847382,39244,118629
1847882,39274,118721
1848382,39326,118881
1848882,39362,118991
1849382,39398,119102
1849882,39434,119212
1850382,39453,119269
1850882,39497,119405
1851382,39524,119487
1851882,39548,119560
1852382,39547,119557
1852882,39567,119620
1853382,39653,119884
1853882,39680,119966
1854382,39702,120032
1854882,39736,120138
1855382,39758,120205
1855882,39779,120268
1856382,39807,120356
1856882,39867,120538
1857382,39884,120590
1857882,39883,120587
1858382,39879,120575
1858882,39879,120575
1859382,39880,120578
1859883,39878,120572
1860382,39876,120566
1860882,39874,120559
1861382,39876,120566
1861882,39874,120559
1862382,39877,120569
1862882,39874,120559
1863382,39874,120559
1863882,39872,120553
1864382,39872,120553
1864882,39873,120556
1865382,39873,120556
1865882,39870,120547
1866382,39872,120553
1866882,39870,120547
1867382,39871,120550
1867882,39871,120550
1868382,39871,120550
1868882,39867,120538
1869382,39867,120538
1869882,39868,120541
1870382,39868,120541
1870882,39865,120532
1871382,39865,120532
1871882,39865,120532
1872382,39866,120535
1872882,39865,120532
1873382,39862,120523
1873882,39862,120523
1874382,39861,120520
1874882,39863,120526
1875382,39860,120517
1875883,39858,120511
1876382,39860,120517
1876882,39857,120508
1877382,39862,120523
1877882,39861,120520
1878382,39856,120504
1878882,39859,120514
1879382,39858,120511
1879882,39858,120511
1880382,39855,120501
1880882,39855,120501
1881382,39854,120498
1881882,39855,120501
1882382,39855,120501
1882882,39855,120501
1883382,39856,120504
1883882,39857,120508
1884382,39853,120495
1884882,39852,120492
1885382,39852,120492
1885882,39852,120492
1886382,39850,120486
1886882,39851,120489
1887382,39853,120495
1887882,39850,120486
1888382,39850,120486
1888882,39850,120486
1889382,39846,120474
1889882,39848,120480
1890382,39847,120477
1890882,39845,120471
1891382,39846,120474
1891883,39847,120477
1892382,39847,120477
1892882,39843,120465
1893382,39846,120474
1893882,39845,120471
1894382,39843,120465
1894882,39843,120465
1895382,39846,120474
1895882,39844,120468
1896382,39844,120468
1896882,39842,120462
1897382,39842,120462
1897882,39844,120468
1898382,39844,120468
1898882,39840,120457
1899382,39841,120459
1899882,39841,120459
1900382,39842,120462
1900882,39838,120451
1901382,39839,120454
1901882,39840,120457
1902382,39838,120451
1902882,39838,120451
1903382,39839,120454
1903882,39837,120447
1904382,39839,120454
1904882,39837,120447
1905382,39834,120438
1905882,39838,120451
1906382,39839,120454
1906882,39838,120451
1907382,39834,120438
1907883,39836,120444
1908382,39833,120435
1908882,39835,120441
1909382,39834,120438
1909882,39834,120438
1910382,39833,120435
1910882,39834,120438
1911382,39834,120438
1911882,39834,120438
1912382,39831,120429
1912882,39832,120432
1913382,39834,120438
1913882,39832,120432
1914382,39830,120426
1914882,39833,120435
1915382,39832,120432
1915882,39830,120426
1916382,39831,120429
1916882,39831,120429
1917382,39831,120429
1917882,39830,120426
1918382,39830,120426
1918882,39829,120423
1919382,39827,120417
1919882,39826,120414
1920382,39826,120414
1920882,39829,120423
1921382,39826,120414
1921882,39827,120417
1922382,39826,120414
1922882,39826,120414
1923382,39822,120402
1923883,39827,120417
1924382,39825,120411
1924882,39825,120411
1925382,39825,120411
1925882,39823,120405
1926382,39823,120405
1926882,39824,120408
1927382,39822,120402
1927882,39824,120408
1928382,39824,120408
1928882,39823,120405
1929382,39824,120408
1929882,39822,120402
1930382,39826,120414
1930882,39822,120402
1931382,39822,120402
1931882,39822,120402
1932382,39819,120392
1932882,39822,120402
1933382,39820,120396
1933882,39821,120399
1934382,39820,120396
1934882,39822,120402
1935382,39820,120396
1935882,39821,120399
1936382,39818,120389
1936882,39817,120386
1937382,39820,120396
1937882,39820,120396
1938382,39818,120389
1938882,39815,120380
1939382,39819,120392
1939883,39818,120389
1940382,39817,120386
1940882,39817,120386
1941382,39816,120383
1941882,39814,120377
1942382,39816,120383
1942882,39817,120386
1943382,39815,120380
1943882,39818,120389
1944382,39814,120377
1944882,39816,120383
1945382,39816,120383
1945882,39816,120383
1946382,39812,120371
1946882,39813,120374
1947382,39815,120380
1947882,39815,120380
1948382,39816,120383
1948882,39815,120380
1949382,39811,120368
1949882,39813,120374
1950382,39816,120383
1950882,39814,120377
1951382,39813,120374
1951882,39814,120377
1952382,39814,120377
1952882,39811,120368
1953382,39810,120365
1953882,39811,120368
1954382,39813,120374
1954882,39810,120365
1955382,39809,120362
1955883,39811,120368
1956382,39808,120359
1956882,39813,120374
1957382,39809,120362
1957882,39810,120365
1958382,39809,120362
1958882,39811,120368
1959382,39808,120359
1959882,39811,120368
1960382,39808,120359
1960882,39806,120353
1961382,39809,120362
1961882,39807,120356
1962382,39809,120362
1962882,39807,120356
1963382,39810,120365
1963882,39806,120353
1964382,39808,120359
1964882,39808,120359
1965382,39806,120353
1965882,39808,120359
1966382,39807,120356
1966882,39805,120348
1967382,39808,120359
1967882,39805,120348
1968382,39806,120353
1968882,39807,120356
1969382,39806,120353
1969882,39805,120348
1970382,39804,120345
1970882,39806,120353
1971382,39804,120345
1971883,39804,120345
1972382,39805,120348
1972882,39804,120345
1973382,39805,120348
1973882,39804,120345
1974382,39805,120348
1974882,39803,120342
1975382,39802,120339
1975882,39803,120342
1976382,39801,120336
1976882,39803,120342
1977382,39801,120336
1977882,39798,120326
1978382,39799,120329
1978882,39802,120339
1979382,39801,120336
1979882,39800,120332
1980382,39800,120332
1980882,39800,120332
1981382,39801,120336
1981882,39800,120332
1982382,39800,120332
1982882,39797,120323
1983382,39801,120336
1983882,39798,120326
1984382,39798,120326
1984882,39797,120323
1985382,39799,120329
1985882,39799,120329
1986382,39798,120326
1986882,39799,120329
1987382,39800,120332
1987883,39796,120320
1988382,39797,120323
1988882,39797,120323
1989382,39795,120317
1989882,39798,120326
1990382,39796,120320
1990882,39794,120314
1991382,39796,120320
1991882,39796,120320
1992382,39797,120323
1992882,39794,120314
1993382,39795,120317
1993882,39794,120314
1994382,39796,120320
1994882,39794,120314
1995382,39796,120320
1995882,39793,120311
1996382,39791,120305
1996882,39792,120308
1997382,39794,120314
1997882,39794,120314
1998382,39795,120317
1998882,39792,120308
1999382,39792,120308
1999882,39793,120311
2000382,39791,120305
